path,bytes,sha256
.devcontainer/devcontainer.json,331,5ae4f9eec6cc602a8b44272c6a0502c7aefe5cbeab559925b18232606a1721ff
.dockerignore,106,15f6808067bbad37ab10d6343285bbe56f3b147c53aea66d00ef1d1c043c129e
.github/workflows/final-reproduce.yml,9385,18c16059348e4ec35020b9d9a58299b4ed64ab0edc9a932f228a9e7ab8409b0b
.github/workflows/reproduce.yml,2232,b5f6810209368fa2eb538b107d82069b3830ea1ca3087a175650ad6ab1e9b9eb
artifact_evaluation.md,3955,9654c313324e3d1cd7bb0467fae2cee03000c14be8b27b550210b09bd5500f3c
constraints/ecp5_board.lpf,2469,c401c481f89067105310b5b3129d211ecd79289f7c441bb249271d9c2b000c99
Dockerfile,830,a7fd1a39311f030f7b7831b60ea0be6400a489981c4c12df3457c726a5fcba97
docs/ablation_plan.md,1336,73cf4398ae23217cfa9cbe8ae034f6497e624388c057f1a6d94e84873e01c972
docs/architecture.md,11842,98b8b45ef1760339fadbf59da14ec3953e119fd9315d6ba5080554f1aef8d7b0
docs/baselines.md,2222,720c2eb3ccfca77a222ff6a050bc555b62c3d567d7a7fe4be7fda9470d622738
docs/capsule_format.md,13258,0c49433776b4d9e8662c372bc8a4d8d691e54e47c6dd56f63c9f37957945de94
docs/conference_readiness_dashboard.md,1814,e48a13eb7f812231335343107c86b8bf3eef0d7db27d2dc15ef84367a8f7353e
docs/core_integration.md,2253,3b1e53486697f73be18feff678fd160d99f1609416fa7b40e07f3668706498b9
docs/event_interface.md,11599,60bc2be7d4f12f57d2f73b6b4259b30709c414d1b961204b509ff1c8e036897a
docs/event_model.md,12228,6438333d3aee0b75ca3c1ddee47e2b37cd1b8154ce632ccc7d309a08e98c3bd4
docs/experimental_methodology.md,8503,51dfb0a13eb1b28f530d8a28deb9378d3610049565ba119d73a7df8ef1769ae7
docs/figure_plan.md,19257,6cf3c0cdf2f244424776e33d6187d745b65973e4544d996532f043f8c95329f0
docs/final_evidence_lock.md,3017,659eaff6dad325b14e22c06002c7339c14167589b94ca0861063979bdd0be7bb
docs/final_reviewer_report.md,682,e29a25d29e27d4cc4fb66641eda363371ece870f8dfec79cabfb7ec3a1f0db72
docs/final_submission_blockers.md,963,8629c519cda09bb9ec84c91d63d8e5d1b9c4e263ab8d8a737aef8da5149f6c23
docs/firmware_build.md,1005,0bd2bf94d8edabca3c2ac7fa4a161708c3f774cdef50a23f9993af6f358a0970
docs/firmware_sim.md,1803,890cabb908532aa8aa4a148dc9b9450248f132a21dd950a491af990bd283542a
docs/formal_coverage_matrix.md,3345,3101a4f4790b03e3a4d6a4dfb4dfc39e1751a88931eac31f124ff48891871497
docs/gate_status.md,11853,71f025cc554bb89ca745d9e66bf088fc5285c46d6e0dd4e064c0ad6ed7f8dd75
docs/limitations.md,1961,9d3bd04a630b146b4eff24ce3b188b3f679cb386ff22e20311c8ac0122517849
docs/main_track_readiness_review.md,2298,94b4a3f3f65939946afec231c1b84f67f1176c3694968a034b9a38add8542fda
docs/main_track_submission_review.md,2299,53674d79bbeb5bae7731bc51eb1c00dc2de50e0b20acdbc6897b5387a8c9f9a7
docs/novelty_matrix.md,10177,8c5c5dc0def2f1ff544770704a9b46d11436f336315aa1c046f90089c0566cd9
docs/phase_status.md,3995,9f076dd9b07e21b5bdf5bba51468c085a9ad472aa051770e38c9050d5397b90b
docs/proof_obligation_matrix.md,5726,9ffff05afd566e5926a93de243e78fb3aeda00b96728565fb86306574748673c
docs/rebuttal_preparation.md,846,3232d8bbf2cc66409802b3ca042fa4b474b4244393503d235d4be602ddfd4cdb
docs/related_work_matrix.md,24685,90142a28ed8a138fbf4cb1cb826ab8ed17a58c42d6fdf2e134b1a9480855334c
docs/replay_sufficiency_theorem.md,5038,d1f6d0ebc885b40f6661813a1409a4023d7b61527f33fa61aca5081a5a43397e
docs/research_plan.md,3964,96b276ff2e74b1fa2775998eab7cbd0dac55131a4c25658772a5ecc53119faa5
docs/reviewer_attack_list.md,5228,f65e407d2804f81b8276adea70963aa95afe5ee29dbd2cdca3172c4f73d47a9f
docs/reviewer_attack_responses.md,2816,a019da38562d96361afc3201c6a2c3a4ae9be69a028b10cede7554e5c4847f75
docs/static_rtl_checks.md,1679,636960fe78d43d79c55e5288cb161c85b0a93b735e8bab3d8657c91ad8b5a2b6
docs/subagents/ablation_agent.md,498,1b2ce0387f99f75ae8e41c22019f3fde4e1deebb5d7ad48a9966562e432391f3
docs/subagents/baseline_agent.md,625,d7c7beb7f7939bb610d791a2bd6cc514a4998b2182af888882966bccf5a49871
docs/subagents/core_integration_agent.md,750,23500c4d583234018f84f695128c86d123b976ef1ec22f2b1cf127bf2a52754b
docs/subagents/evaluation_agent.md,708,a93a2e401760580bc002173e33b1654ed04434836bb1b058f40f1488adb7379c
docs/subagents/firmware_bug_agent.md,2520,a471df7463213382bd7a40be970813e4fc4b9a0e383eceec52f1a997bea22edd
docs/subagents/formal_model_agent.md,3099,20cff64ecac5a2317822ec4864a1c64292db7c2cf7182b8b0cc02dab58c316c1
docs/subagents/literature_guard.md,5016,b4e6ddbe2b7173713fd4230cf9262674828608fa4e1ad1b26df710c559485d9e
docs/subagents/paper_writer_agent.md,581,bc4f687b3d05947dd3d7af998509f812a27c5b86314f1866f3416378c67865f7
docs/subagents/replay_engine_agent.md,2984,79795d9735d68a2993f8614f9b70c9977cb3d7820bf9953afe3509795cb169fa
docs/subagents/reproducibility_agent.md,468,3e57ff82a492f8d1c65eaec29055a321cc11711346ddb4661074fa2137dcfa49
docs/subagents/reviewer_critic_agent.md,756,d69d0509f5f0b9132f37858174b4b5c3e8a391ea6c06fd4b4fc21547e0061bd0
docs/subagents/rtl_architect.md,2736,665d2531b7f5c4272358b3f4c2c416668eab436d57e890f842cc8126d9094a4f
docs/subagents/verification_agent.md,2671,a728e08ae8cf180387d9ee4da76931601f9ea5a4148d7e80afb6476df6f1b59a
docs/verification_plan.md,7819,5987d5932cbecf77c896c6a7e61e22e433b77fd9d8a0cb889a8d0ec0615bd0db
firmware/bug_interrupt_race/failing.c,400,f7b6d8e370a45423241361f8439030097a428255ac0f2eae61b588e1c9213d7f
firmware/bug_interrupt_race/fixed.c,201,2550824bcd695800effecac0d2ec3737c03886cc25d5e57c2b47c7d097e0bafb
firmware/bug_interrupt_race/README.md,2679,0fd0dd9c908921893d9f0dc98a8f24f8a22507aaeda87077bf074f0e401bcbd6
firmware/bug_mmio_ordering/failing.c,134,260c2eba11eb29fc134e762ab1304464d14787c0dd1c4fcb476254d519e68a45
firmware/bug_mmio_ordering/fixed.c,134,04c742dba3715f00c126df13f2a790c27a1aeb92d7c404a06e107190e8b8a9ba
firmware/bug_mmio_ordering/README.md,2770,b8f96e478dbdfa5b06f2507baba348c842027124e682a26a991b0aabf7c25a0b
firmware/bug_sensor_threshold/failing.c,212,f3901ae7e719911b5cb2bd1d667e3983c12e1a7ed3f10f70a8ad5bd4f7e321db
firmware/bug_sensor_threshold/fixed.c,241,0d45209567a67e61adf08defaa7a7a349883967bd080c307dbf5954ac8f21d2f
firmware/bug_sensor_threshold/README.md,2896,f8c79a653c3ad0ce4498df8bf723ddd08dd295de22b39fb24296a107604b5a11
firmware/bug_stack_corruption/failing.c,217,fa07ec477c0646e55eb0989e9f9ab1c812af1733cef257dc59344bb2201edfad
firmware/bug_stack_corruption/fixed.c,169,7be7a869eb1770b9711357228242ca239031fc0ee158c48551a50edd0e6db16a
firmware/bug_stack_corruption/README.md,2616,6fdc6c9e5134dff938009027f11cdaaf0ec24979833ed63f243b5d0de3bcaf30
firmware/bug_uart_command/failing.c,172,c8451e3e1e62b860b1dd398406efd1f3c0e6d666b0bf23536d3c5d99f26d01fd
firmware/bug_uart_command/fixed.c,231,65085ae1413d2ade865d293036daaf33e2e1612d8aa855f69c7088b7c14d4965
firmware/bug_uart_command/README.md,2549,6077067d7b7cf5d445b990a1780d6c00298b2caa968ed7fb2966ac45942babb8
firmware/bug_watchdog_timeout/failing.c,245,c196cf1ab3161ce0b796491d73987af86dbd175c4f45d756f707861c82f41f6d
firmware/bug_watchdog_timeout/fixed.c,176,3b7f1c37f6230079b7949a4f0ec2ed33c1ad27b597e77c69e29e3dee8bf392d9
firmware/bug_watchdog_timeout/README.md,2659,fa42410ef1441b0125a8df0d521dc018405154f5bbda37c04290bfa6a66ebc8a
firmware/build/interrupt_race_bug/failing.hex,130,f0b505e032e47d2a12473566aa87a2f111a79996d3b74f6c8d5ad555a7d7e3b2
firmware/build/interrupt_race_bug/failing.json,396,37248f16d9778d771b6cec5d57262163f7d7650bcbbbe646cb2742ceac8e8a39
firmware/build/interrupt_race_bug/failing.mem,260,31c62a5b2514ce253998f64526c73778aec59824f4146f6dfd7a0cbf0b7ccdf0
firmware/build/interrupt_race_bug/fixed.hex,100,7057e34f7926c252bdefd4d4cbdf5d5c7d84e09e76fdc18d90f95cffde0821dc
firmware/build/interrupt_race_bug/fixed.json,360,9a9039f52dbeab406eadd3ceab8a61cdf37947a3f35d091ec34444fba98b7896
firmware/build/interrupt_race_bug/fixed.mem,200,f95ee814c2fd8b251fedc8cc9a86a8110c7ac7f9d470b1bd3270c738b311fe97
firmware/build/mmio_ordering_bug/failing.hex,70,bec8fc970125d250e88b4bceb09ee9b91474fcf48fe9c19ffe05cd3963da2171
firmware/build/mmio_ordering_bug/failing.json,325,a07759ae97ab571112016102414477a10f00081653e795ce1c1e2092111b9824
firmware/build/mmio_ordering_bug/failing.mem,140,957b894c440c7660cf01f7f279c4f1cf856f5babed20c7cd1c673dfb5b8c4c4d
firmware/build/mmio_ordering_bug/fixed.hex,70,054baa55b3e6801b612a06949a31865381c509a8dca8361c2bf9783332cdcac1
firmware/build/mmio_ordering_bug/fixed.json,319,241afde116f136d04e45311cc99665c55966cff33429f3008038fc670762d449
firmware/build/mmio_ordering_bug/fixed.mem,140,06462e7b6259e449bbc4bebc9a9beafa5754a2e3e6ec77db99b7d4da856a5563
firmware/build/sensor_threshold_bug/failing.hex,90,00960bb1892e904c6abb1ceee491ec994ccef683716bc4b5f59ffe2236b49649
firmware/build/sensor_threshold_bug/failing.json,395,83b46fefe6ad1794ea72b63c180358723e7ca4fe267389cf2f4e596bf6e6a831
firmware/build/sensor_threshold_bug/failing.mem,180,a2e480f7df8bafdd40c189500d517a6e918fdf35b3083d3368263f8c80de5adb
firmware/build/sensor_threshold_bug/fixed.hex,100,acd1d2727b9897b674c48ea7c2075c549162296f2e61daef6545697f001d8ba3
firmware/build/sensor_threshold_bug/fixed.json,362,d337a19d7297098f7a6275e0c0533eada4d92aecb8fce9c8ed48d9920ca0cc27
firmware/build/sensor_threshold_bug/fixed.mem,200,262b90092ccf26c44839e093c75396de9489910e80db65bc93ca08c81f070765
firmware/build/sensor_threshold_bug/no_failure_edge.hex,90,00960bb1892e904c6abb1ceee491ec994ccef683716bc4b5f59ffe2236b49649
firmware/build/stack_corruption_bug/failing.hex,70,00e483faf4249d7bbbaa45eadac8107869afd09f8e4047cf7d09147dfbcdb601
firmware/build/stack_corruption_bug/failing.json,334,6e4d112c1fded63c6d6e52c2c5fe4e020497f923fa725181dafb961a3db62daa
firmware/build/stack_corruption_bug/failing.mem,140,bfb670cc68d7e864fa255cef71d1400783d66053ea01019da084d992aa0adb51
firmware/build/stack_corruption_bug/fixed.hex,70,b5790adf0b378e5c11a6c0bd9a137bfe224354677fe92eac2c83ce8bb6c3bbd8
firmware/build/stack_corruption_bug/fixed.json,328,e598bbde5ca8bd1c6c0c9d5d9fb6ba5cf522d573fcfd55b621d32191ccd98b1a
firmware/build/stack_corruption_bug/fixed.mem,140,b24949964ec18d957d8d199e403c4cd85fa89d253217555f5248064ddd39e22d
firmware/build/uart_command_bug/failing.hex,120,9d0b2aec945263441d6b096dec439e69e4a27e625c2a1f809699b60c985b6d8a
firmware/build/uart_command_bug/failing.json,356,ab80622ba80ec778016de4b3c7e28a6d18e20ecd5bd9f1f68e26392c874b3462
firmware/build/uart_command_bug/failing.mem,240,920cf0fab009f1eaf6bce9417e0e05ac3d2094119223d6a78fc98680040ca9f5
firmware/build/uart_command_bug/fixed.hex,120,9d0b2aec945263441d6b096dec439e69e4a27e625c2a1f809699b60c985b6d8a
firmware/build/uart_command_bug/fixed.json,349,14ab6ccfeaae189c359b53a1c6820f1371e2ccbd9d81c4271dada64343961138
firmware/build/uart_command_bug/fixed.mem,240,920cf0fab009f1eaf6bce9417e0e05ac3d2094119223d6a78fc98680040ca9f5
firmware/build/uart_command_bug/no_failure_edge.hex,120,9d0b2aec945263441d6b096dec439e69e4a27e625c2a1f809699b60c985b6d8a
firmware/build/watchdog_timeout_bug/failing.hex,60,fa54d054a5702ffed90c23c78b8859f7d50fb1169068c4c4e6dcc7157c1a3fa5
firmware/build/watchdog_timeout_bug/failing.json,364,6895efdca53709a4b5895e5753f645a3154831829ad91ada6c7cec38a81a81c1
firmware/build/watchdog_timeout_bug/failing.mem,120,1267f112f7992e350afcae5ff5f82a536704cccfa7af9f54c9a9bd8f5dcec4fa
firmware/build/watchdog_timeout_bug/fixed.hex,90,c213ec731f11e19ba979c0e8ad67d808f2325afa1c24682f103f30d25d0e030f
firmware/build/watchdog_timeout_bug/fixed.json,361,5d65654bb05ca49bb87cfb4403aafba5496a3ba525a6b97d8defe5950e6cc3c3
firmware/build/watchdog_timeout_bug/fixed.mem,180,8d485fb4e6b12df8d2af845a4aaf88c953eeb5219dc7aff50b099b46d7cc3aa6
firmware/build/watchdog_timeout_bug/no_failure_edge.hex,60,fa54d054a5702ffed90c23c78b8859f7d50fb1169068c4c4e6dcc7157c1a3fa5
firmware/common/mmio.h,778,1db354d8262441b50efca0c078d1994dcec8a872351cd6689138e77476e71c98
firmware/common/README.md,295,51ce28576f90411b57b25454c5fde098aaf1531220e2ceb94ae0fb4be862adce
firmware/hello_world/main.c,147,be1ca901a6de9b14778b23dc6696882970ea8586cec40faae7ca2d905022380d
firmware/linker.ld,609,88b025f2b244677b5f6d98a084df57f030aa7cf782ef862928635a5cd1cd3a2a
firmware/Makefile,653,5e11fa7598ac90d307f2eaf02908609c6860d16d09dfda674865bfabc5596cc6
firmware/mmio_smoke/main.c,237,a50be37f0b52a74ed418d6cc66fd94e9f2aad03eab82d8a4b587fb0525e82a1d
firmware/startup.S,368,da57b2676b89d685ef8e1eeacb2508fe65acbf7ee6e662ee39b360eb52bf4af7
formal/assumptions.md,5478,0594ce2f72727b854baf3123e1c819c8f70772e573f47b9aa7b20abc1d868e45
formal/replay_sufficiency_theorem.md,6499,55515ce87044a7406a998dc798e3e9028b09cd9ed29aebb7cfc75e60e9cfbffb
formal/sv_assertions/README.md,6202,050baa62eb8ca4e0ce1ef8a4c1935a317db5f208e88191bf47628283f7dd57a7
formal/sv_assertions/replay_capsule_properties.sv,1888,8f56cce71eb19e7fcc14ab4ea0c43c8f51e985b254d3cc32cca2e7cc7b8939fb
formal/yosys_smtbmc_scripts/capsule_buffer_bmc.sby,498,6111b74dcdcdfe91643b9fa8874971e9f5ea1ee56129b150c7d2faa58187683b
formal/yosys_smtbmc_scripts/capsule_buffer_bmc_harness.sv,2303,5ae239b7efed699751db20601e7b0f1f192c8d7a25993a4eb58054a6300def72
formal/yosys_smtbmc_scripts/capsule_buffer_cover.sby,500,73060eef6d1637de9c892dcd573829c06fd05c95e62cc9c63af44d81a5001001
formal/yosys_smtbmc_scripts/event_classifier_slicer_bmc.sby,668,bbc7e5c06d34458d960d45bc47bb561788385aabd0292b9b40b096341f4542a3
formal/yosys_smtbmc_scripts/event_classifier_slicer_bmc_harness.sv,5553,5a8c27f0d555ba22a367c052f4eab62758818aeacf3d7c6e7ba729d1f6d7f2c4
formal/yosys_smtbmc_scripts/event_classifier_slicer_cover.sby,670,a32343c58cfc9cf0f9b6e8eae11f3ccc54af91ed58fc5a03f05e78748d1b45c8
formal/yosys_smtbmc_scripts/event_tap_bmc.sby,500,9a3ce72feb209b849a2073b80f5d3e568b39eed76c3bdcb8fc9995faaeb4db9d
formal/yosys_smtbmc_scripts/event_tap_bmc_harness.sv,4975,c2faaf4ab6d06caa1defddd7621c2b4d2670714a3bffc47fa0e563651d0a0aa0
formal/yosys_smtbmc_scripts/event_tap_cover.sby,502,6fd7c4f58bfdecb832642709c1f034230421c7b832c0f934c7a08b9bf199ee5e
formal/yosys_smtbmc_scripts/hash_signature_bmc.sby,535,25f03ba1014055e4c4b8ea8d253b36490155a281a787b5e0cf5ef0de898144cc
formal/yosys_smtbmc_scripts/hash_signature_bmc_harness.sv,2269,584551e7fda67dbdfb5d04abb72f78ea430b9f16bf181898ef95a84229791453
formal/yosys_smtbmc_scripts/hash_signature_cover.sby,537,414ebd63599222a8ef3c20f7bc5e4047bcbb290a2f3a955259b6a4c08bb4fb01
formal/yosys_smtbmc_scripts/mmio_interrupt_loggers_bmc.sby,661,1ebe0dab22b81fccf2981078b1011716c8bcd9af9b7120a8e385682ebc5e871c
formal/yosys_smtbmc_scripts/mmio_interrupt_loggers_bmc_harness.sv,4633,1d0c84c38cc9fcd76f36fb89b686867e6c2286f65bdc28cd485fb51678ee9f81
formal/yosys_smtbmc_scripts/mmio_interrupt_loggers_cover.sby,663,27b5a605734c991322362d8bfb3ea4444faed34abc031902614be00d66771b37
formal/yosys_smtbmc_scripts/property_checker_bmc.sby,549,6e561447272fba60f8cafd740ad58ae86bfcba8037fbbf9be6b61e90d0b7bf09
formal/yosys_smtbmc_scripts/property_checker_bmc_harness.sv,11443,56ba70dac23a3b79a357c657c1bf7ead5171e9af6eb87f620a74560698fd09e3
formal/yosys_smtbmc_scripts/property_checker_cover.sby,551,6eec2e9199b6eb0689e3cc8db0cb8349967855ccd4d24848c689917f361de133
formal/yosys_smtbmc_scripts/README.md,8581,fdfa4f18ec93a0143f9ae914e72970422f5a3cf56e9d2873b463560728a5f5c7
formal/yosys_smtbmc_scripts/registers_bmc.sby,380,979afab22eaea554d6e0364ca6c42b614d19468b4bf1bde05cdf86df3417158b
formal/yosys_smtbmc_scripts/registers_bmc_harness.sv,4040,ee3b6eefe89bf4d52a9b4cd445405d8990a086d447661394205d85dc8a13e650
formal/yosys_smtbmc_scripts/registers_cover.sby,382,bb9ca6536996da7caa34328ff7cc5f948d528f68105810565610dc9cd3371cd1
formal/yosys_smtbmc_scripts/replay_capsule_top_bmc.sby,1137,40be4a1e021f1929dd4f8486b9cf1803f15c4084415cd7b7fd5aa5be0ccf893e
formal/yosys_smtbmc_scripts/replay_capsule_top_bmc_harness.sv,3628,f10c7b5a086f0cf327867d360ba42d3fc8e45f2075aedc01259457785c3e0975
formal/yosys_smtbmc_scripts/replay_capsule_top_cover.sby,1139,b5f14d54b56598865ca0b89977e5e57fb258553920ee66697cac1c4ec9f47b9f
formal/yosys_smtbmc_scripts/replay_control_bmc.sby,535,1ab182fb93593ac5d4a29640cfe6dd95cd7df21f6e55bfc44ce66ce36f68537c
formal/yosys_smtbmc_scripts/replay_control_bmc_harness.sv,3895,7206dc5f9bae8cf4fcc13302ad04936bb44d8da4d4116de8908a7eedc00918b2
formal/yosys_smtbmc_scripts/replay_control_cover.sby,537,5864028fb1130dd9d2eaa1db242d85c67bd1ae7138b7e7fafe3936e885cb4b4c
formal/yosys_smtbmc_scripts/replay_mismatch_bmc.sby,540,8298b9d481b97e7531b17dd180c1fc102b6943a1368054ca4b6c6d430e7a107c
formal/yosys_smtbmc_scripts/replay_mismatch_bmc_harness.sv,5357,0eee62ca0fc0e4eb766fcd75511a13d74c4eeca81bf00e814dec75f9373730bf
formal/yosys_smtbmc_scripts/replay_mismatch_cover.sby,542,9a1ff8c621c408b0d4ed5f927d9e0b96219204b472da85a6ee5998865294f4d6
Makefile,6805,7881217bfb99d1017583fa9f9eff1371c566eb491dc2bc49bb88f1993ee6c808
paper/abstract.md,1106,4c477557484a204ba4ec22d431796b46580372df5430b8cd3886df2f76001a46
paper/architecture.md,657,33008cd9081f921a5b73180d7a284b8927f5fef1c60cf3351db872b6c0d47c7f
paper/conclusion.md,1196,66384685410955e6d04d9b234fd26a6b86dc7c89d0be0e8d3e9a317993722324
paper/evaluation.md,4603,ede8d44dd5470144007bb6bea72388b9cbb47ee5770b8a8d6a9f09ea8b65e904
paper/figures/ablation_heatmap.svg,21477,8e28d86844eb780f7418c5be4d12b7ebe9d3a0e71be3c4c7a369b709bee9e542
paper/figures/architecture_overview.svg,3517,40d9128e716788d82573f102973b22d8722466019815fe8d1d914eed3cd2899e
paper/figures/baseline_trace_sizes.svg,7370,7467d9422497035f2ecf03ed9772e6c6b52382ac01d90c304a7086aead9041ce
paper/figures/mapped_overhead_summary.svg,1855,6435966ffbea041f1d029a134f547ecc3db2983d9c919739e70169984f47e967
paper/figures/randomized_interrupt_campaign.svg,7141,cd9925d1c8d47ccc2e4b8bfea8e7c17a8fd33df4c261ff87ceec2a867c46fe5e
paper/figures/README.md,10461,d4488eea0240fd27d99ba32895bffadb040fec0484d3d2ae5b6f2291bfbaed41
paper/figures/replay_flow.svg,2123,6cc78439d7e37d8e59085798a2e38b5dc9d14216526151de91da773398fdccc3
paper/figures/replay_success_summary.svg,1131,7d811979e6a54de92e53171cdbe3de877751fd011439532b68edc1bd1c2a3c9f
paper/figures/rtl_capsule_event_classes.svg,6077,a4e3357593a8dc0013f2bea59ee25302a9a0a74ea16d6dcd5290abe101063e85
paper/figures/runtime_overhead_summary.svg,1724,61f022a928cb7ee39e49258b8f0e9e92b0430efd407e8f42b32245db8f793465
paper/figures/synthesis_status.svg,1669,7d2424647a3b408ca0366b01b5c1b2a27da8f464fb49b2aa558ab261b7d4d3c5
paper/figures/table01_synthesis_resources.md,2340,148af161b474f3f8e53adec675a4ba07890b2cbb9ac3bd1767b0242448ed9c29
paper/figures/table02_replay_evidence.md,1313,c0339505f0b45d2d51f9c2a50eefa671d770ef4eef9edaeddf83c3d9e7b1de8e
paper/figures/table03_trace_baselines.md,967,3c320f6d9c9b503e3357a5376565db3a21ac43e607e6aef47dc7e164d0944ef0
paper/figures/table04_event_sufficiency.md,1328,0b35b4161ca67fc8aa1927f7a5014b0ccdc13d8741663b0f8376036a30ec71b7
paper/figures/table05_formal_coverage.md,2361,c8f69f0715f5337d6639082aa3e95874857b698c7b2ffa3a94fedaee3a671bd4
paper/figures/table06_proof_obligations.md,2618,a8a9cf006b77a7f3cbe53eff37464aa4625f5c47a2aa87364e8f4ce1362f9d74
paper/figures/table07_evaluation_metrics.md,8834,d20e117940f0740b4389953609562a6410c867339cb1e4d8e6fa35ae2905eef5
paper/figures/table_event_sufficiency.md,5523,9cfee7cf87fe3fbdeed1523631b845e2c6f94933856a5af156f0269c388d0724
paper/figures/trace_size_status.svg,1135,fc75fad0d9507fc1cce71aac84ef4fe371b491a5525700d28906a67b0e83fd3b
paper/introduction.md,743,1f68a70e4503ef89d9613bf921bbf59800a08fa0d0dd1adbbdab0d0716b9287a
paper/limitations.md,1105,7824537885144943bc1b644efe773ee34fb63360ed338a3b55274bb54fda41b8
paper/main.pdf,95301,aabc01ed29013d58504f5cf2ed2ff172958aceae21dfa85fc73ad07bfbb5ef57
paper/main.tex,767,64ed5ec2b6fc10c17a430e2c63087b02cfd908b53eec1632d2caac2a331f402a
paper/model.md,996,ef4ce60ebd055304df93d4e325665d36cde227736c02aa0d6706474ba0bf10e4
paper/motivation.md,646,2049e20e2d447bf2d8c733f6a5071386f27ef4e829686aacb5b8bac703e47fef
paper/outline.md,490,abc820fc169fdd2a00e3f6ce900cbe7e6f4ec0c8ba114fccc67c4a533e7558b9
paper/references.bib,2302,0cb5d3baa741bdc112eede77d334427334e0dccec6926bed85402b399a58de54
paper/related_work.md,489,e2ef4714ee7bd1b6e87f063ff6e66d10c4c52cd588a3c321a3a88956a89b923d
paper/sections/abstract.tex,1257,287838e8675152558fb94405f42d87b68bc9ddbe9bed35abb829f334de350e9e
paper/sections/architecture.tex,1308,aa26739622a4aee7c6d2de9c00a360cadbefd8c88c0b7da8615620992c086c4a
paper/sections/conclusion.tex,704,08360e358fd1f4dcb2c1b4136008be9865d51c962c5de3560ae5739997c5a1c1
paper/sections/evaluation.tex,2594,d89aa6b20cf571b5c5bfa684e0ddffbdca894994ea9f326e1f2ac9579c8a9969
paper/sections/generated_numbers.tex,1089,738662c9692be814891bb042dea1075296275ec3995b24cc349e8eaa4c000fd7
paper/sections/generated_tables.tex,3499,63d9ff4eb7fc6e7fdcedfafb45b76fec72fdb713d01f14181803d3f148063212
paper/sections/introduction.tex,2116,844ee59619f45ca100a97b187e69157fae5ac18872e7671deefe5b53c24a2bcd
paper/sections/limitations.tex,1075,50cc66a6c2e1c9dbe02152dde4ff344b5d41842e8e17c8b52fad21368e375a97
paper/sections/model.tex,1885,1d3a62bf66e6a777f67b37ab689283570e1d7ba74a6b315ce7e01394d990f469
paper/sections/motivation.tex,955,d43af3e13ccbec3fffdeaa4c26db4806263ef5e94c208445b510186088d6f6f2
paper/sections/related_work.tex,2477,5bd2a485b2f2eb8eeefa8a7a5cb9e9424cdfecfab613ce2fc4ba2637d6d3ec0f
paper/sections/replay_verification.tex,1256,143a32e801fc52f0961e60025ae1b2dba82aa5de1132f04e3c872a44244baf68
README.md,5577,2e8b03cad80d0ab76011e9efb4fb2ac630cdc23bef52da318fd982dfc292213b
requirements.txt,177,65ff008c3c1add9a2a4e200b565fc872f667fe9ea5f4dd89f67d6f9eec9fdf94
results/debug/final_submission_lock/docs/conference_readiness_dashboard.md,1814,e48a13eb7f812231335343107c86b8bf3eef0d7db27d2dc15ef84367a8f7353e
results/debug/final_submission_lock/docs/final_evidence_lock.md,3017,659eaff6dad325b14e22c06002c7339c14167589b94ca0861063979bdd0be7bb
results/debug/final_submission_lock/docs/final_reviewer_report.md,682,e29a25d29e27d4cc4fb66641eda363371ece870f8dfec79cabfb7ec3a1f0db72
results/debug/final_submission_lock/docs/final_submission_blockers.md,963,8629c519cda09bb9ec84c91d63d8e5d1b9c4e263ab8d8a737aef8da5149f6c23
results/debug/final_submission_lock/docs/main_track_readiness_review.md,2298,94b4a3f3f65939946afec231c1b84f67f1176c3694968a034b9a38add8542fda
results/debug/final_submission_lock/docs/main_track_submission_review.md,2299,53674d79bbeb5bae7731bc51eb1c00dc2de50e0b20acdbc6897b5387a8c9f9a7
results/debug/final_submission_lock/docs/reviewer_attack_responses.md,2816,a019da38562d96361afc3201c6a2c3a4ae9be69a028b10cede7554e5c4847f75
results/debug/final_submission_lock/paper/main.pdf,95301,aabc01ed29013d58504f5cf2ed2ff172958aceae21dfa85fc73ad07bfbb5ef57
results/debug/final_submission_lock/results/processed/artifact_manifest.csv,109925,1a6e34705d766acf79dc4ca45c5400c4b95378fd56edf6b8727454a69be2eacd
results/debug/final_submission_lock/results/processed/claim_audit.csv,57872,a8f7629d243a1e0af9a22765a55594ff6abc5f1a1006e8cf24260c5d7954df86
results/debug/final_submission_lock/results/processed/evaluation_metrics.csv,9079,372f78d8d6e96a0bcccc9e359ede82bb7d2346d7ca33e078e268eec52c212b97
results/debug/final_submission_lock/results/processed/final_ci_gate_status.csv,27,497273fbb0d1874480f5e46af5f9cccab66c68ee3ccc3cce3a5c1c009c29774a
results/debug/final_submission_lock/results/processed/final_ci_verification.csv,1686,c21379a2f8b305f3407a4cb7c38099cf5e6b66a665099f9189de55bad128a868
results/debug/final_submission_lock/results/processed/firmware_build.csv,5813,fa0e88fc5bd2d83ec877950b74755754eba0c75d9f56770c845b114c16e56055
results/debug/final_submission_lock/results/processed/full_core_mapped_summary.csv,370,853c35792c1d305456b78b4e8d2b28af38b2dadfc5a81c1e7a945f63bf65713b
results/debug/final_submission_lock/results/processed/full_rtl_replay.csv,14701,14382b3de7032385233ed56adb0549166c61453eb4f0d846dd7a7196f8ec8685
results/debug/final_submission_lock/results/processed/full_rtl_replay_negative.csv,1467,92ebb0033093cefb62c986743d7a41ab5a446858c23be678142469c4fd249b88
results/debug/final_submission_lock/results/processed/mapped_overhead.csv,3607,37197e100ecae874ab21fe7332bbad29a2151137aca1c0a29a180888e17b3cc2
results/debug/final_submission_lock/results/processed/mapped_recorder_presence.csv,378,62e9d1f3a80df983731a7b916e6fb65565725d68c5c05c7b4247cb67805f4536
results/debug/final_submission_lock/results/processed/mapped_synthesis.csv,1165,086f072040176e0133be8dccd8e9899299de623aa3e8606320fbfd1b626e8b09
results/debug/final_submission_lock/results/processed/paper_build_status.csv,157,b16f0fc7ebe252a9dff12b3ee6b6b7ecbbc2d125c97039eaea907cffead9c34f
results/debug/final_submission_lock/results/processed/paper_number_audit.csv,111,6e35c2bded468f55daa641f19500e069102f48e562d46c81a2229f3f369adb7b
results/debug/final_submission_lock/results/processed/runtime_overhead.csv,25631,d615663beb13e763e413384b68cf4bd20b913738e670167717a5f3bebfd8e2dd
results/debug/final_submission_lock/results/processed/runtime_overhead_summary.csv,1534,0b744f84df8e474a738ef2f4527d517dbf65b612f931e712d06eb8977c4cbb7e
results/debug/final_submission_lock/results/processed/todo_audit.csv,142,dfdd76c0f56708718013811c05d20137ec9694662e481229b56fc200fc2f1536
results/debug/final_submission_lock/results/processed/toolchain_status.csv,2238,2516f20549d9d8b410f46add9ea85fddf498b5c5bbfe6f503a79ae07fe334600
results/debug/pass4/interrupt_race_bug_failing_seed1_event_diff.txt,187,41bf857c9c31f9ab2a82f2d37b23ff952ce1c4ed0dea9fda861063f9439afc9f
results/debug/pass4/interrupt_race_bug_failing_seed1_interrupt_trace.txt,1023,98605a0b40e7eded55a69bc6c39223a46d606413e7979efbc95f68e669808d33
results/debug/pass4/interrupt_race_bug_failing_seed1_mmio_trace.txt,1022,0faacbe217c4bf32ab42ec006b1e53ffb3cc85aa6d32871abab5dc902986c145
results/debug/pass4/interrupt_race_bug_failing_seed1_property_trace.txt,78,85d4252226cf31f0064eea4a5db05681b45eaac76b16aacfee80723b61cc32a2
results/debug/pass4/interrupt_race_bug_failing_seed1_record_events.json,1201,b64e7e48c53e6281e8e4fe25b96a09b94e871e6597173f503a3e158163b47e06
results/debug/pass4/interrupt_race_bug_failing_seed1_replay_events.json,1201,1f2ba8aa7a5035e90b75b3b2a8f32fd78762802504f3f1046826e9b587d96e6b
results/debug/pass4/interrupt_race_bug_failing_seed2_event_diff.txt,187,41bf857c9c31f9ab2a82f2d37b23ff952ce1c4ed0dea9fda861063f9439afc9f
results/debug/pass4/interrupt_race_bug_failing_seed2_interrupt_trace.txt,1023,98605a0b40e7eded55a69bc6c39223a46d606413e7979efbc95f68e669808d33
results/debug/pass4/interrupt_race_bug_failing_seed2_mmio_trace.txt,1022,0faacbe217c4bf32ab42ec006b1e53ffb3cc85aa6d32871abab5dc902986c145
results/debug/pass4/interrupt_race_bug_failing_seed2_property_trace.txt,78,85d4252226cf31f0064eea4a5db05681b45eaac76b16aacfee80723b61cc32a2
results/debug/pass4/interrupt_race_bug_failing_seed2_record_events.json,1201,cc51c522712f6ef892c0faf98e563b4aedcc236295a42b51a8f08f88e46e7c1e
results/debug/pass4/interrupt_race_bug_failing_seed2_replay_events.json,1201,37f06a0e45219d7ba25535f153ef4de3669ab5596aeb641861139a611f5b3cff
results/debug/pass4/interrupt_race_bug_failing_seed3_event_diff.txt,187,41bf857c9c31f9ab2a82f2d37b23ff952ce1c4ed0dea9fda861063f9439afc9f
results/debug/pass4/interrupt_race_bug_failing_seed3_interrupt_trace.txt,1023,98605a0b40e7eded55a69bc6c39223a46d606413e7979efbc95f68e669808d33
results/debug/pass4/interrupt_race_bug_failing_seed3_mmio_trace.txt,1022,0faacbe217c4bf32ab42ec006b1e53ffb3cc85aa6d32871abab5dc902986c145
results/debug/pass4/interrupt_race_bug_failing_seed3_property_trace.txt,78,85d4252226cf31f0064eea4a5db05681b45eaac76b16aacfee80723b61cc32a2
results/debug/pass4/interrupt_race_bug_failing_seed3_record_events.json,1201,702d4603d6784de8c694161c19f96bda140fd295fb1cfa2804f5a8ea307be18d
results/debug/pass4/interrupt_race_bug_failing_seed3_replay_events.json,1201,bc6b94c1a386dc4de2d01e090e350cfb933a9e54e8e21299844d6341b85eb753
results/debug/pass4/watchdog_timeout_bug_failing_seed1_event_diff.txt,189,f3c0ca9dbf0c4e14511b1707515a83625484b82d2707eecf9748ca48ede09ec1
results/debug/pass4/watchdog_timeout_bug_failing_seed1_interrupt_trace.txt,79,0e6d35fda39d43ff694a77f5400567a886f934cb15f446a662d0192db01c9e81
results/debug/pass4/watchdog_timeout_bug_failing_seed1_mmio_trace.txt,1022,976dc4a54640c93f56476de2eaf579f524a3fdcb55283de04ba53b6a69a29b12
results/debug/pass4/watchdog_timeout_bug_failing_seed1_property_trace.txt,78,85d4252226cf31f0064eea4a5db05681b45eaac76b16aacfee80723b61cc32a2
results/debug/pass4/watchdog_timeout_bug_failing_seed1_record_events.json,5742,894f6204ef7a0fe0668ba74fd14482bb90777de273b7b5e334a07390b5616c36
results/debug/pass4/watchdog_timeout_bug_failing_seed1_replay_events.json,5742,eaf6b6ce7eae2da16653f8813d9804e78dc3e6e690eab23f6b29c37d80c8129f
results/debug/pass4/watchdog_timeout_bug_failing_seed2_event_diff.txt,189,f3c0ca9dbf0c4e14511b1707515a83625484b82d2707eecf9748ca48ede09ec1
results/debug/pass4/watchdog_timeout_bug_failing_seed2_interrupt_trace.txt,79,0e6d35fda39d43ff694a77f5400567a886f934cb15f446a662d0192db01c9e81
results/debug/pass4/watchdog_timeout_bug_failing_seed2_mmio_trace.txt,1022,976dc4a54640c93f56476de2eaf579f524a3fdcb55283de04ba53b6a69a29b12
results/debug/pass4/watchdog_timeout_bug_failing_seed2_property_trace.txt,78,85d4252226cf31f0064eea4a5db05681b45eaac76b16aacfee80723b61cc32a2
results/debug/pass4/watchdog_timeout_bug_failing_seed2_record_events.json,5742,cbcfdd1b12a8fe18303a875991a05ee1e67b9ec0acdc61cc3fd237fb372c314b
results/debug/pass4/watchdog_timeout_bug_failing_seed2_replay_events.json,5742,fd4d6b06453d3a089cb7fdba8fc7d55628407e6df1bd61366b269baf2b606bef
results/debug/pass4/watchdog_timeout_bug_failing_seed3_event_diff.txt,189,f3c0ca9dbf0c4e14511b1707515a83625484b82d2707eecf9748ca48ede09ec1
results/debug/pass4/watchdog_timeout_bug_failing_seed3_interrupt_trace.txt,79,0e6d35fda39d43ff694a77f5400567a886f934cb15f446a662d0192db01c9e81
results/debug/pass4/watchdog_timeout_bug_failing_seed3_mmio_trace.txt,1022,976dc4a54640c93f56476de2eaf579f524a3fdcb55283de04ba53b6a69a29b12
results/debug/pass4/watchdog_timeout_bug_failing_seed3_property_trace.txt,78,85d4252226cf31f0064eea4a5db05681b45eaac76b16aacfee80723b61cc32a2
results/debug/pass4/watchdog_timeout_bug_failing_seed3_record_events.json,5742,da2f5b7dfc2cb381b492439982f5f460b77feadd576a233cdb01e772bbc022b8
results/debug/pass4/watchdog_timeout_bug_failing_seed3_replay_events.json,5742,855c1099677764dca6169ed0698fe751f45863c992118b5e985f53d745e5a022
results/debug/pass5_before/conference_readiness_dashboard.md,8910,aaecbcb2713cd2452720fcb6599efb37d038556fd05ea4486fcf41c0be3620ec
results/debug/pass5_before/evaluation_metrics.csv,6783,d8962edc55d12eaacceefe994e0504cc8c4314cbe2dfde432c91399a7fd2757f
results/debug/pass5_before/full_rtl_replay.csv,10696,4b116c8cb010d25f97197bb676864940e3c72bde943b1884dc8875b4c2145c51
results/debug/pass5_before/full_rtl_replay_negative.csv,1468,9eb583c167483153fa77d83bd3e32051ff723f69ca3c875a852c7c2e2c295a0a
results/debug/pass5_before/toolchain_status.csv,2266,948eb31b1617252804b3e237dccbaa384663ff41e492fee13e1af437962c6416
results/debug/pass6_before/conference_readiness_dashboard.md,9587,d9ac1efc7580154b30f965ebe58406d9fe20c6b2e3ed13a1d730274af5050c7f
results/debug/pass6_before/firmware_build.csv,4728,d9493505c89d9853ac1cd56d297375c62a3c9b3276f53f78594d85b950bfe53c
results/debug/pass6_before/full_rtl_replay.csv,14524,e16b89e0af1c1380b7cb4c96aa185a6461b62ae4c1c30ce79fd8545eb82a3782
results/debug/pass6_before/full_rtl_replay_negative.csv,1468,9eb583c167483153fa77d83bd3e32051ff723f69ca3c875a852c7c2e2c295a0a
results/debug/pass6_before/mapped_overhead.csv,482,1ccdf26c68352db89c4c7496fad0de669e04cdd32c8531ea41cd098fd4250580
results/debug/pass6_before/mapped_synthesis.csv,1301,b3be18dd71011d60a2cbede434d0a346f4acade68118d462fb9f7040b0b53007
results/debug/pass6_before/paper_build_status.csv,108,20b91a0ec99051ca85e8c29b13ae4e81f819aa86ca7efa4cbbc944bbe8212e8b
results/debug/pass6_before/runtime_overhead.csv,23827,675d696f7708fc5a6d82a1f0ed6a38cf169e2301700670a0ba915982c80442a2
results/debug/pass6_before/toolchain_status.csv,2323,d1a9300a1a53d85a4968e068d9ce1e8733e4d9a3d6abd932fc670c4500cdbf44
results/debug/pass7_before/docs_conference_readiness_dashboard.md,10437,e72c62e585111a62c2cd9795fa358ff23440956f4dc050ae1e9cf8f8ab81b03c
results/debug/pass7_before/paper_main.pdf,94553,cc2a378920973527c762cc2456dde279866df0299610a2ab9af35c93a0d10133
results/debug/pass7_before/README.md,519,dd84e3cb012456ecb6bdf63d682b1c715acf56baac903021c5238173ab51d929
results/debug/pass7_before/results_processed_final_ci_gate_status.csv,73,e13e0aac9c1c1a673af7d84cd878798356ddea2f29cdaf821ac30213a4b75aaa
results/debug/pass7_before/results_processed_firmware_build.csv,5813,fa0e88fc5bd2d83ec877950b74755754eba0c75d9f56770c845b114c16e56055
results/debug/pass7_before/results_processed_firmware_source_comparison.csv,6869,4211f91abf6fa1c948bd707657fac0994cfe553129f72e7b5e0fc4846424faa5
results/debug/pass7_before/results_processed_full_rtl_replay.csv,14701,14382b3de7032385233ed56adb0549166c61453eb4f0d846dd7a7196f8ec8685
results/debug/pass7_before/results_processed_full_rtl_replay_negative.csv,1467,92ebb0033093cefb62c986743d7a41ab5a446858c23be678142469c4fd249b88
results/debug/pass7_before/results_processed_mapped_overhead.csv,1436,b9e6f8525359d537082294874936a288fa2ea0388c8981b8b83280bb00b08109
results/debug/pass7_before/results_processed_mapped_synthesis.csv,1388,e58966f5b05b2778e13536eb69f34f2d6a84827db711910fd1ff2986341684e8
results/debug/pass7_before/results_processed_paper_build_status.csv,95,ca766ca85e30a951e8bd1b65daac2aba28e312fe3eee68f8e466332ce240b1a7
results/debug/pass7_before/results_processed_toolchain_status.csv,2169,75744b229b108d33c1fe7437ee6ea7e7666871b158c358dc88868eb4646ff334
results/figures/ablation_heatmap.svg,21477,8e28d86844eb780f7418c5be4d12b7ebe9d3a0e71be3c4c7a369b709bee9e542
results/figures/architecture_overview.svg,3517,40d9128e716788d82573f102973b22d8722466019815fe8d1d914eed3cd2899e
results/figures/baseline_trace_sizes.svg,7370,7467d9422497035f2ecf03ed9772e6c6b52382ac01d90c304a7086aead9041ce
results/figures/mapped_overhead_summary.svg,1855,6435966ffbea041f1d029a134f547ecc3db2983d9c919739e70169984f47e967
results/figures/randomized_interrupt_campaign.svg,7141,cd9925d1c8d47ccc2e4b8bfea8e7c17a8fd33df4c261ff87ceec2a867c46fe5e
results/figures/replay_flow.svg,2123,6cc78439d7e37d8e59085798a2e38b5dc9d14216526151de91da773398fdccc3
results/figures/replay_success_summary.svg,1131,7d811979e6a54de92e53171cdbe3de877751fd011439532b68edc1bd1c2a3c9f
results/figures/rtl_capsule_event_classes.svg,6077,a4e3357593a8dc0013f2bea59ee25302a9a0a74ea16d6dcd5290abe101063e85
results/figures/runtime_overhead_summary.svg,1724,61f022a928cb7ee39e49258b8f0e9e92b0430efd407e8f42b32245db8f793465
results/figures/synthesis_status.svg,1669,7d2424647a3b408ca0366b01b5c1b2a27da8f464fb49b2aa558ab261b7d4d3c5
results/figures/trace_size_status.svg,1135,fc75fad0d9507fc1cce71aac84ef4fe371b491a5525700d28906a67b0e83fd3b
results/processed/ablations.csv,10573,e4d174904bd393ac9c0bb7ebdd0bf56fe4fecc8d0a54eec96507996291705f62
results/processed/apt_install_status.csv,751,593e93256dab36b46d56a2efab281fa01c4ca4369e414272873d5d319c5f4406
results/processed/artifact_manifest.csv,109925,b91ac1d152bdfb5cccd106bf565cc1b8df9956ec05bf2948d8d7766c7c59b341
results/processed/baseline_comparison.csv,43684,3aa636fca58720f0540a04bb3903d5d5f2e140d7156d112af221823678c7a626
results/processed/benchmark_coverage.csv,2492,08db15fd28dd6fea4ece85d800f6dba422d2c22f352e5a6f6a6c53b9dc610d5b
results/processed/buffer_sweep.csv,3723,9705c3c4c8844f2afb32d84fbbb9418227e8b70f234ae7b7008e8491ba85d3f6
results/processed/claim_audit.csv,57872,a8f7629d243a1e0af9a22765a55594ff6abc5f1a1006e8cf24260c5d7954df86
results/processed/evaluation_metrics.csv,9079,372f78d8d6e96a0bcccc9e359ede82bb7d2346d7ca33e078e268eec52c212b97
results/processed/event_sufficiency.csv,847,88f870b27bf43131ebfa42e4939db4bc960630b58e907b2086806505b7ec81dc
results/processed/event_sufficiency_matrix.csv,37601,5c3acaac71ba30ad003aa65e4747d95bac16596ef8f358576b43db48abb8a0b1
results/processed/final_ci_gate_status.csv,27,497273fbb0d1874480f5e46af5f9cccab66c68ee3ccc3cce3a5c1c009c29774a
results/processed/final_ci_verification.csv,1686,c21379a2f8b305f3407a4cb7c38099cf5e6b66a665099f9189de55bad128a868
results/processed/firmware_build.csv,5813,fa0e88fc5bd2d83ec877950b74755754eba0c75d9f56770c845b114c16e56055
results/processed/firmware_sim_replay.csv,938,9b7eec5ef1c57a8ab2c41e3272fd52a590424b08c35e118ece7481a34db3a6e2
results/processed/firmware_source_comparison.csv,3841,7f60116cefa5d641da173956ea051f1bbd8b4b72abfbf4de6371df456d64bce1
results/processed/formal_checks.csv,3928,05a7514f631b27a1343b3510765a0ace77378cac0877267556021d2e54272ea9
results/processed/formal_coverage.csv,3515,a813ae7d7eaf79544d5088c7d96180a58145892197e7945981f922a972e595de
results/processed/full_core_mapped_summary.csv,370,853c35792c1d305456b78b4e8d2b28af38b2dadfc5a81c1e7a945f63bf65713b
results/processed/full_rtl_replay.csv,14701,14382b3de7032385233ed56adb0549166c61453eb4f0d846dd7a7196f8ec8685
results/processed/full_rtl_replay_negative.csv,1467,92ebb0033093cefb62c986743d7a41ab5a446858c23be678142469c4fd249b88
results/processed/hdl_checks.csv,4532,ed3c1984bee4e18eb4cf29d1722b9ae4e4b3eab84fa435a96d4b3855b211fffc
results/processed/mapped_overhead.csv,3607,37197e100ecae874ab21fe7332bbad29a2151137aca1c0a29a180888e17b3cc2
results/processed/mapped_recorder_presence.csv,378,62e9d1f3a80df983731a7b916e6fb65565725d68c5c05c7b4247cb67805f4536
results/processed/mapped_synthesis.csv,1165,086f072040176e0133be8dccd8e9899299de623aa3e8606320fbfd1b626e8b09
results/processed/overflow_contracts.csv,1124,f28f1a9ca10c9e1b53273cf739fc9f0ad17ff533ad03f2bfed76a75c7401e356
results/processed/paper_build_status.csv,157,b16f0fc7ebe252a9dff12b3ee6b6b7ecbbc2d125c97039eaea907cffead9c34f
results/processed/paper_number_audit.csv,111,6e35c2bded468f55daa641f19500e069102f48e562d46c81a2229f3f369adb7b
results/processed/picorv32_smoke_coverage.csv,1070,9fb25f1cf9f4fd5754958f81e6dcbc7f0767af6c034cd84279a6247705db30dc
results/processed/picorv32_smoke_summary.csv,3937,934f2f1977a644b9f21efd8c87fa7a9fe9def6efe108090451378a3f7de59a7e
results/processed/proof_obligations.csv,4806,e3c7346677c2b7aaa9e66d81458eb43abadbcf510cdba5f534ad3ba337206026
results/processed/randomized_interrupt_campaign.csv,7896,ebe91f1f1a3e0624b7cfacda26b7eb03637b954d037b21db7144b31f59634a9d
results/processed/randomized_interrupt_corruption.csv,5271,cb991a07cfac176ab7d7fe965c51abc7d36ef1254e1e8387ef0af2b63c31343d
results/processed/randomized_interrupt_coverage.csv,2446,021c10e9ebc1876278f44ecb6a090052e59f9395f04de48f1ba0d7262d594038
results/processed/randomized_interrupt_summary.csv,930,ca556fee979345202251f1cfd0e8f3f059cd55a03e2ceeeaa5736e320d22a8e7
results/processed/replay_experiments.csv,1766,59843cad1858d840190676374b2508247f855beb4224e9165bce3f9a3127b1bb
results/processed/replay_negative_tests.csv,18828,bfc4a4ece60ed36ca85fc495a7c42bd56171a757eeee7667711e97fc2c93ec0f
results/processed/rtl_capsule_event_classes.csv,3600,648ea984ec5602856298c8c6bd3830ae99fc35f03e5bea4f15d403845b1090a9
results/processed/rtl_capsule_exports.csv,5274,c97fbd131d1b98b69b721cd5a7e9527f6fd3a7b2d330edf583f67fe27ef32c7e
results/processed/rtl_firmware_alignment.csv,2604,6269431e365ebcc09c443b7d0e95b7fea22b272ca4731a10f9262ce4d9423149
results/processed/rtl_smoke_ablations.csv,29092,fc06b23a38fe68d8b318e5a929dde01a11bb447d2effc402d1ae6f8df3bdcf28
results/processed/rtl_smoke_event_sufficiency.csv,1352,b6d61d15de1655a83394f84761d2a8acb58e4bc820e3e872bf9cbb3d68cffdd5
results/processed/runtime_overhead.csv,25631,d615663beb13e763e413384b68cf4bd20b913738e670167717a5f3bebfd8e2dd
results/processed/runtime_overhead_summary.csv,1534,0b744f84df8e474a738ef2f4527d517dbf65b612f931e712d06eb8977c4cbb7e
results/processed/scaling_workloads.csv,2667,8493bd8ebef617556ea1e355b3074c8ac4f11e4f193d378263577f36ee1caf92
results/processed/summary.csv,1540,c3daefa8c3c60d113b2269029f3f0425bb6a344a7849cd800af2b2e14754be33
results/processed/synthesis.csv,453,19c951a8ac9c32bca9be3790ffc758dfb62ec2c5536391f3f66b69e97a9a6438
results/processed/synthesis_overhead.csv,404,dc664c961215dc518a4868fa2a477dc74d5ab31762ff95fe360182827829ab75
results/processed/todo_audit.csv,142,dfdd76c0f56708718013811c05d20137ec9694662e481229b56fc200fc2f1536
results/processed/toolchain_status.csv,2238,2516f20549d9d8b410f46add9ea85fddf498b5c5bbfe6f503a79ae07fe334600
results/processed/trace_sizes.csv,25329,843b8793b1cc66daf826a77ccafdb970e331138867b2d6e89a2849a79376a62f
results/processed/verilator_compile_smoke.csv,215,09d2b484da34f2e21232346d80847015f7f84fa532dba2805da2026482d6b388
results/raw/firmware_sim_traces.json,27635,4829c2f7f6014c1ebcd4dfdcee9c4f23d9a71e0afa92fcaccc6cfcb6ca32e931
results/raw/mapped_synthesis/full_core_baseline_board_yosys_ecp5_85k.txt,2969378,b019d5215eff3c3bfe7258bb914c171435318a3ccd56f0644976d54a398bb51e
results/raw/mapped_synthesis/full_core_replaycapsule_board_yosys_ecp5_85k.txt,33239,1b60f63bf6bd2466a167e9499d069c1c67247ad26b2337acaa4108f2ddfe10e7
results/raw/mapped_synthesis/picorv32_ice40.json,2917088,1a5537ae0632d4f28196c4734a933fd08ca2f1742637851e2c4225a9099c5f88
results/raw/mapped_synthesis/picorv32_nextpnr_ice40.txt,1600,8177946edd6d9892ae3cfa77458f688f12f9a9489c1088d213af8b1af7e30f0f
results/raw/mapped_synthesis/picorv32_replaycapsule_wrapper_ice40.json,66397791,1676294296505571e111a592748c6c5da06ae7d575ed34d6d5329268c4b8d8b8
results/raw/mapped_synthesis/picorv32_replaycapsule_wrapper_nextpnr_ice40.txt,1886,d1d5f81ccbfa44187485ba878d1b8a2b5fa4c4394b65b9407e2b5761482fdb55
results/raw/mapped_synthesis/picorv32_replaycapsule_wrapper_yosys_ice40.txt,758865,c67d25b53cf4554c8011c9d1eb24b4df2e6a49e22af21a60e0c560ec37e2edb5
results/raw/mapped_synthesis/picorv32_yosys_ice40.txt,221512,c8d2d9c0ebd45aff5f8c0eb36941ea5fb5f994d653236526db60665acda9d65f
results/raw/mapped_synthesis/replay_capsule_top_ice40.json,61318955,eb32bfd1fb9eb21f486ab64c16137fed0f7dc38214252877d863a0bd468e2c51
results/raw/mapped_synthesis/replay_capsule_top_nextpnr_ice40.txt,1653,b287f8cfeb721315ff05cb293b9c7643aebedd2b4d8b7f358ae09ca4b809663a
results/raw/mapped_synthesis/replay_capsule_top_yosys_ice40.txt,348338,f6f7a37b6b5a4873ae2afe6214406076c6a4d40c296015901d1ca65bd55644bb
results/raw/mapped_synthesis/replaycapsule_recorder_tiny_ice40.asc,1444942,e171e4342cfa9ab20f97d3555cc59a534a6867426bcc510559ac3ae29996e397
results/raw/mapped_synthesis/replaycapsule_recorder_tiny_ice40.json,1091139,87020a39f8eeeb963405768c692ae30fe706e541c7d2b09f93d362184337e87e
results/raw/mapped_synthesis/replaycapsule_recorder_tiny_nextpnr_ice40.txt,38676,b8e7a52b3624e8aadae5c5e454d5f66bd74c33aa334371f25fa79d2b61017559
results/raw/mapped_synthesis/replaycapsule_recorder_tiny_yosys_ice40.txt,181663,20ce36f7159fd1d56749e13d26b113981247dee65a5f384593a5eae8525548f5
results/raw/mapped_synthesis/replaycapsule_tiny_baseline_ice40.asc,990956,2ecfa13e83d322c363244c9d62a207449eb3d3cc0c3c077a4f777585da3ea609
results/raw/mapped_synthesis/replaycapsule_tiny_baseline_ice40.json,431919,34a0a317a5499672a2054261c2616d5104453d064ee0d6ce4f27753b9a113131
results/raw/mapped_synthesis/replaycapsule_tiny_baseline_nextpnr_ice40.txt,27533,8cb18d1af7c036a55fa21ff7a29b4a15d8bedc0e14cf49bae6e82f0eb36ea610
results/raw/mapped_synthesis/replaycapsule_tiny_baseline_yosys_ice40.txt,52188,fb35a29478ae61e4ce7db54a436321e576dd0e6ba7b138dd101e6f40cb8187e3
results/raw/model_suite_traces.json,18983,8e88569218a4b9cb35f03711a0f30474ce666da64181ba7a4cac67caa086a3a9
results/raw/phase12_sensor_threshold_trace.json,4578,16f17e049fbaf1405b1c6cb06d4aa1e0e2f94d13c2a3c9d0f616d8af29aebceb
results/raw/rtl_capsules/interrupt_race_bug_failing.json,977,6dbb13a0980ccd0913587a344cbaab2f5a176ab25653f46bc82434563285cbe0
results/raw/rtl_capsules/interrupt_race_bug_failing_seed1.json,1201,b64e7e48c53e6281e8e4fe25b96a09b94e871e6597173f503a3e158163b47e06
results/raw/rtl_capsules/interrupt_race_bug_failing_seed2.json,1201,cc51c522712f6ef892c0faf98e563b4aedcc236295a42b51a8f08f88e46e7c1e
results/raw/rtl_capsules/interrupt_race_bug_failing_seed3.json,1201,702d4603d6784de8c694161c19f96bda140fd295fb1cfa2804f5a8ea307be18d
results/raw/rtl_capsules/interrupt_race_bug_fixed.json,14425,c0a3b5121787fd6642e1a6b3d4262955f5cddef8aeaec3752aee2d0a87344c73
results/raw/rtl_capsules/interrupt_race_bug_fixed_seed1.json,3700,e0a3c1f66d704bdffec2fb616e310756d398008b20afe142027e1fb13db6cca8
results/raw/rtl_capsules/interrupt_race_bug_fixed_seed2.json,3700,efa2b7f16b3cca2da57cdfd450c4e0c75df82ccac0ec6fa282f3015e590eb9f2
results/raw/rtl_capsules/interrupt_race_bug_fixed_seed3.json,3700,d0fc5f667bb2113dc27055c525e1673d08fe18f139dd53ecb06c3c7448ec621d
results/raw/rtl_capsules/mmio_ordering_bug_failing.json,694,69a608d9d4d628807e5115c20514c2da68c3f193ebb71ed64644fb6c95665e1d
results/raw/rtl_capsules/mmio_ordering_bug_failing_seed1.json,703,18f0b04bfa1566fef5adb85c8322f1c4f39f52f6c54a6ef710ed6948d17b0188
results/raw/rtl_capsules/mmio_ordering_bug_failing_seed2.json,703,50624c7317c57768ed038eaa7440e1bce987c7f7ff5eb7dda1a6a5f609266096
results/raw/rtl_capsules/mmio_ordering_bug_failing_seed3.json,703,ead82275d5e2f090490cc9e21b21f7ec5fa9bbfe19cb9d941f3f1b1212223bbd
results/raw/rtl_capsules/mmio_ordering_bug_fixed.json,869,19e6b950b319c4a40b910265bd8725b04f5df603f46bb29653d220a1973b4aae
results/raw/rtl_capsules/mmio_ordering_bug_fixed_seed1.json,1200,8af100e0dc4f9a9fa5a5fc3be93029107d8b0bc3ef3ca45e3615188bab62bd72
results/raw/rtl_capsules/mmio_ordering_bug_fixed_seed2.json,1200,5496361daae35ededf40ceb8ad2eb47953cc2e3226914d1e3c96541ffbdf6f4b
results/raw/rtl_capsules/mmio_ordering_bug_fixed_seed3.json,1200,448593205c51e7cdb242568b82d700fb3797ae69f2a54f0c71c43d250e0930a9
results/raw/rtl_capsules/sensor_threshold_bug_failing.json,4040,2c54f0057fbb3d7c675b70813fe29538fab0e314693f39764d3d88abbb532e8e
results/raw/rtl_capsules/sensor_threshold_bug_failing_seed1.json,7766,728f58aca3117b7fe70d94b292a637ee5b23a149be87566de72a4f6ca24e20fb
results/raw/rtl_capsules/sensor_threshold_bug_failing_seed2.json,7766,e5ee88dd17775387d8bc520578176ff0f6f53bd107787d0b594ca8e6b60dccb6
results/raw/rtl_capsules/sensor_threshold_bug_failing_seed3.json,7766,588378c0bc4c256016cecb2a3ad9ebc5354cbbb7f1c0e74ba760fa7fa294950d
results/raw/rtl_capsules/sensor_threshold_bug_fixed.json,1402,f4dd00f7c1d8e46545a08d0b1561445ec118a68d80426e4bc05e77c0dc3c7f8b
results/raw/rtl_capsules/sensor_threshold_bug_fixed_seed1.json,2204,3c87fcca01c4d267aedcb00077f517e8895f2cc847a172a6ffbd196dea8917aa
results/raw/rtl_capsules/sensor_threshold_bug_fixed_seed2.json,2204,63be2e4c5e5fb1e4e75f8fc015d9669e2025243846c97b63d4a8e1456a66802a
results/raw/rtl_capsules/sensor_threshold_bug_fixed_seed3.json,2204,1267d7063876b160bf72f6027871807cb133d722bb2f66bc4185e1b52e2e5b12
results/raw/rtl_capsules/sensor_threshold_bug_no_failure_edge_seed1.json,714,439dbf97764b029a92e52104051eb26327af39b16a5612365e9fd42b380d9bb4
results/raw/rtl_capsules/sensor_threshold_bug_no_failure_edge_seed2.json,714,de83d9fba0260542f7e16c46e5e8bcb0cd7327361b33da11b50bdf4e319de88a
results/raw/rtl_capsules/sensor_threshold_bug_no_failure_edge_seed3.json,714,15f4886fbad4b80062e3975b361293113a6bf834f23a51e323521f552b43004c
results/raw/rtl_capsules/stack_corruption_bug_failing.json,672,6c3e7e59882649499f5ede006da9e3cc6a7b47c4814416d1d087c7fb25d6d088
results/raw/rtl_capsules/stack_corruption_bug_failing_seed1.json,709,bb4db3e9485ce3c3a64d5d4f864bd610adff5a0c5d7fca4f89e0cbec544c8de2
results/raw/rtl_capsules/stack_corruption_bug_failing_seed2.json,709,ddb846745fe4d9d23c3095507be693546622002e919e8231a8c249b4d9afdda3
results/raw/rtl_capsules/stack_corruption_bug_failing_seed3.json,709,c68dee3090c1d37d7d2e0f1142df00a1e0cc2c57d26754f0d41cbc3d0c0320b1
results/raw/rtl_capsules/stack_corruption_bug_fixed.json,555,f4df0f5ed5ed5328ad1b27bee623baa35f8e8a267dc75280ddf3a3f9d27d0516
results/raw/rtl_capsules/stack_corruption_bug_fixed_seed1.json,707,5a4e57ce01e360853f66577d29034ff560c8b3b1b69679039ef3564bb0f37a22
results/raw/rtl_capsules/stack_corruption_bug_fixed_seed2.json,707,f281acfc3f983819f9bfbeb9654d2f0270a1e4fb72af3e06b3b052cabb88b709
results/raw/rtl_capsules/stack_corruption_bug_fixed_seed3.json,707,5cba21ab7dd5e77567c1807dfa0248beada0dc1254b1e0505f61cf743679984a
results/raw/rtl_capsules/uart_command_bug_failing.json,1220,8160ec9e8d1c1faff6bb547820a3d088c042113844e64f97135abce97f0cb803
results/raw/rtl_capsules/uart_command_bug_failing_seed1.json,1703,b0967bec204da8c36ddf5257f67ef7d192ef3601413b52c74b3dbb970d6f77bf
results/raw/rtl_capsules/uart_command_bug_failing_seed2.json,1703,cd0bdd99ecfe507be3c5e03dcb41d941d04959e81c7726173b8b525c4fe7e78f
results/raw/rtl_capsules/uart_command_bug_failing_seed3.json,1703,77cc9ef28874fa72463e5e15aa6339892a840107559822203fdf8aaa0552e7ee
results/raw/rtl_capsules/uart_command_bug_fixed.json,1158,4142e7ba625f454e3a2b83f43f3b623ed9daec31372ac12d963f4bdcab8ce9c6
results/raw/rtl_capsules/uart_command_bug_fixed_seed1.json,1698,ea692d186ffff5310f8fabfd155d9a0a93a039062110929ba94e99546f722130
results/raw/rtl_capsules/uart_command_bug_fixed_seed2.json,1698,9fed091acc7547ba05ac7aea607d81768764b1fc059cfdb30728fae1b210cb88
results/raw/rtl_capsules/uart_command_bug_fixed_seed3.json,1698,e2d2727d4bdf71a7e3e6b363e14c92884fb14f3d175057d38a6de0b8348ac1de
results/raw/rtl_capsules/uart_command_bug_no_failure_edge_seed1.json,1708,4e7deadef15e38ca542d083e97c3ded4cfe1016b50e146d0f7f1e007462f15cd
results/raw/rtl_capsules/uart_command_bug_no_failure_edge_seed2.json,1708,bb19cd262b13fa87be71aa21553bb1e1cf8d13cb267eca7469ad44ddb7659765
results/raw/rtl_capsules/uart_command_bug_no_failure_edge_seed3.json,1708,d55f45f0ed52a6918e9de68fbc935d8e70e0605ba9eb27fa0869c7caa4b68af2
results/raw/rtl_capsules/watchdog_timeout_bug_failing.json,3081,577ff6ae3eccf73f8604d784d4cb0b020f50d56281bd3c754f4ac3826f70b114
results/raw/rtl_capsules/watchdog_timeout_bug_failing_seed1.json,5742,894f6204ef7a0fe0668ba74fd14482bb90777de273b7b5e334a07390b5616c36
results/raw/rtl_capsules/watchdog_timeout_bug_failing_seed2.json,5742,cbcfdd1b12a8fe18303a875991a05ee1e67b9ec0acdc61cc3fd237fb372c314b
results/raw/rtl_capsules/watchdog_timeout_bug_failing_seed3.json,5742,da2f5b7dfc2cb381b492439982f5f460b77feadd576a233cdb01e772bbc022b8
results/raw/rtl_capsules/watchdog_timeout_bug_fixed.json,2466,eccb7adad2a3fb4ed6f253cc50c7e518ffe9e4c6c541a4de7754c13253e088ab
results/raw/rtl_capsules/watchdog_timeout_bug_fixed_seed1.json,4214,ccd5135a97daf34b3d896d3fd429848194dc4257b1027bf8557aa03e9e38a039
results/raw/rtl_capsules/watchdog_timeout_bug_fixed_seed2.json,4214,e700262fe6868a418e33480caeb747b763ad91777beb00365002c6132ccdffd8
results/raw/rtl_capsules/watchdog_timeout_bug_fixed_seed3.json,4214,aeaa900b4596684d045e37175c567140d83c0f02c321c466848e7e16b2b9f2a2
results/raw/rtl_capsules/watchdog_timeout_bug_no_failure_edge_seed1.json,9292,4fe2bee47edfa4d3581fe426c8a5babef9bda87d30558599407c16718351f4fd
results/raw/rtl_capsules/watchdog_timeout_bug_no_failure_edge_seed2.json,9292,61363f454b52f0d354fec13aa444ced9ea5f6d7ad3a5e53602edb0a1a57db8b0
results/raw/rtl_capsules/watchdog_timeout_bug_no_failure_edge_seed3.json,9292,c74d9e8e15cf0dfa8755dd03d6dcd4b133de4d892332d3719d36cd5cc7f6dc76
results/raw/runtime_overhead/interrupt_race_bug_failing_seed1_record.json,1201,b64e7e48c53e6281e8e4fe25b96a09b94e871e6597173f503a3e158163b47e06
results/raw/runtime_overhead/interrupt_race_bug_failing_seed1_signature.json,349,9aaed11c7efa15db4c31a9b626a6f89a2c782b71bbdabedf0674d74756931a44
results/raw/runtime_overhead/interrupt_race_bug_failing_seed2_record.json,1201,cc51c522712f6ef892c0faf98e563b4aedcc236295a42b51a8f08f88e46e7c1e
results/raw/runtime_overhead/interrupt_race_bug_failing_seed2_signature.json,349,2111cdd9fa60ae8ec37ffa651373529255ec5d7f21b08ee5e090c9825afb93e6
results/raw/runtime_overhead/interrupt_race_bug_failing_seed3_record.json,1201,702d4603d6784de8c694161c19f96bda140fd295fb1cfa2804f5a8ea307be18d
results/raw/runtime_overhead/interrupt_race_bug_failing_seed3_signature.json,349,b32686bdca343d6d3129f24d7598b58dfc6ee096dc4f97aec11519012e13f50f
results/raw/runtime_overhead/interrupt_race_bug_fixed_seed1_record.json,3700,e0a3c1f66d704bdffec2fb616e310756d398008b20afe142027e1fb13db6cca8
results/raw/runtime_overhead/interrupt_race_bug_fixed_seed1_signature.json,353,a815acc1af9207b1cc998ea0d86c81356e90027351df9e56e92fab3205415b07
results/raw/runtime_overhead/interrupt_race_bug_fixed_seed2_record.json,3700,efa2b7f16b3cca2da57cdfd450c4e0c75df82ccac0ec6fa282f3015e590eb9f2
results/raw/runtime_overhead/interrupt_race_bug_fixed_seed2_signature.json,353,eb394ac605bb3ca72b1fdb0f73e8d9038b130f86f32383ab17a550cf73af3f2a
results/raw/runtime_overhead/interrupt_race_bug_fixed_seed3_record.json,3700,d0fc5f667bb2113dc27055c525e1673d08fe18f139dd53ecb06c3c7448ec621d
results/raw/runtime_overhead/interrupt_race_bug_fixed_seed3_signature.json,353,d949c4ef6e2c1c45fc1fe287d777701a4d0f101aa0c0434a5750345e0c935477
results/raw/runtime_overhead/mmio_ordering_bug_failing_seed1_record.json,703,18f0b04bfa1566fef5adb85c8322f1c4f39f52f6c54a6ef710ed6948d17b0188
results/raw/runtime_overhead/mmio_ordering_bug_failing_seed1_signature.json,348,2270eac5d9948257d926da9eda5389ac4681daf5b9a98ba593d26635dbdeaced
results/raw/runtime_overhead/mmio_ordering_bug_failing_seed2_record.json,703,50624c7317c57768ed038eaa7440e1bce987c7f7ff5eb7dda1a6a5f609266096
results/raw/runtime_overhead/mmio_ordering_bug_failing_seed2_signature.json,348,2b11feb930c0a685c1fa4dc6e3547a1671d156e181cd825f50834cb0f3f398de
results/raw/runtime_overhead/mmio_ordering_bug_failing_seed3_record.json,703,ead82275d5e2f090490cc9e21b21f7ec5fa9bbfe19cb9d941f3f1b1212223bbd
results/raw/runtime_overhead/mmio_ordering_bug_failing_seed3_signature.json,348,fa7858fb8f9dfaa7246d8daec213f495e48bbfbba96ff724362ce3be9a5d209d
results/raw/runtime_overhead/mmio_ordering_bug_fixed_seed1_record.json,1200,8af100e0dc4f9a9fa5a5fc3be93029107d8b0bc3ef3ca45e3615188bab62bd72
results/raw/runtime_overhead/mmio_ordering_bug_fixed_seed1_signature.json,350,503c7d2a5ac9def28db364addd6b89b9598c9fff55cae90fbffd7a17304749f9
results/raw/runtime_overhead/mmio_ordering_bug_fixed_seed2_record.json,1200,5496361daae35ededf40ceb8ad2eb47953cc2e3226914d1e3c96541ffbdf6f4b
results/raw/runtime_overhead/mmio_ordering_bug_fixed_seed2_signature.json,350,e892bd67a2ce253eafa70ed57d9811d1fd4ffa2760fc070b0ee4ba3edda7d55a
results/raw/runtime_overhead/mmio_ordering_bug_fixed_seed3_record.json,1200,448593205c51e7cdb242568b82d700fb3797ae69f2a54f0c71c43d250e0930a9
results/raw/runtime_overhead/mmio_ordering_bug_fixed_seed3_signature.json,350,488e7ed3b761d644013366ccc88460b41732ae75049e9efba265e77e19b2b931
results/raw/runtime_overhead/sensor_threshold_bug_failing_seed1_record.json,7766,728f58aca3117b7fe70d94b292a637ee5b23a149be87566de72a4f6ca24e20fb
results/raw/runtime_overhead/sensor_threshold_bug_failing_seed1_signature.json,355,8ec1a6f7a4cb96d65bc9feb31431617fc30a5c703b52bf67813ef8b4668f895a
results/raw/runtime_overhead/sensor_threshold_bug_failing_seed2_record.json,7766,e5ee88dd17775387d8bc520578176ff0f6f53bd107787d0b594ca8e6b60dccb6
results/raw/runtime_overhead/sensor_threshold_bug_failing_seed2_signature.json,355,80f9a5ed45031d50ddd660f0b9bd83658e960ddc3e32d3b70ecd2fc13b51a0d5
results/raw/runtime_overhead/sensor_threshold_bug_failing_seed3_record.json,7766,588378c0bc4c256016cecb2a3ad9ebc5354cbbb7f1c0e74ba760fa7fa294950d
results/raw/runtime_overhead/sensor_threshold_bug_failing_seed3_signature.json,355,7be620b46439a2ea971c0257db1205f0993c4b847b1d2ca1c0330e202032c1d6
results/raw/runtime_overhead/sensor_threshold_bug_fixed_seed1_record.json,2204,3c87fcca01c4d267aedcb00077f517e8895f2cc847a172a6ffbd196dea8917aa
results/raw/runtime_overhead/sensor_threshold_bug_fixed_seed1_signature.json,353,2fe6c46a41a2ad74bc5aa50fa825bdbae13623f89a2ca316ec8fc182be32b4a8
results/raw/runtime_overhead/sensor_threshold_bug_fixed_seed2_record.json,2204,63be2e4c5e5fb1e4e75f8fc015d9669e2025243846c97b63d4a8e1456a66802a
results/raw/runtime_overhead/sensor_threshold_bug_fixed_seed2_signature.json,353,dae5c51a6f5128b3c780e5eaedc5106545a69f0dafd64759f5a3957b9e81db26
results/raw/runtime_overhead/sensor_threshold_bug_fixed_seed3_record.json,2204,1267d7063876b160bf72f6027871807cb133d722bb2f66bc4185e1b52e2e5b12
results/raw/runtime_overhead/sensor_threshold_bug_fixed_seed3_signature.json,353,6e3a73ea8e73a4c3fe0e0f542fbe433abef73f585e9e170d5f159c373d770160
results/raw/runtime_overhead/sensor_threshold_bug_no_failure_edge_seed1_record.json,714,439dbf97764b029a92e52104051eb26327af39b16a5612365e9fd42b380d9bb4
results/raw/runtime_overhead/sensor_threshold_bug_no_failure_edge_seed1_signature.json,363,86017756f48df8fb794cf65691640e24cd4acbd7222fbfb3a993a1a190bb0bc3
results/raw/runtime_overhead/sensor_threshold_bug_no_failure_edge_seed2_record.json,714,de83d9fba0260542f7e16c46e5e8bcb0cd7327361b33da11b50bdf4e319de88a
results/raw/runtime_overhead/sensor_threshold_bug_no_failure_edge_seed2_signature.json,363,48365ef98b66ed8526b6e3492f76880c90d036b16f57b3f5bed01d962dd47b0c
results/raw/runtime_overhead/sensor_threshold_bug_no_failure_edge_seed3_record.json,714,15f4886fbad4b80062e3975b361293113a6bf834f23a51e323521f552b43004c
results/raw/runtime_overhead/sensor_threshold_bug_no_failure_edge_seed3_signature.json,363,91a0d6e06ecf3fda243207577e312362c80830801d751278d413df1781a2840b
results/raw/runtime_overhead/stack_corruption_bug_failing_seed1_record.json,709,bb4db3e9485ce3c3a64d5d4f864bd610adff5a0c5d7fca4f89e0cbec544c8de2
results/raw/runtime_overhead/stack_corruption_bug_failing_seed1_signature.json,351,9fcbd7fdec1cc3ed452c1ef092166a378723ee8aa3c27e470d6755ceb2fb8fd1
results/raw/runtime_overhead/stack_corruption_bug_failing_seed2_record.json,709,ddb846745fe4d9d23c3095507be693546622002e919e8231a8c249b4d9afdda3
results/raw/runtime_overhead/stack_corruption_bug_failing_seed2_signature.json,351,f8526fa7a18982faedf743d46d48ef049acfe522acfb7490a1efb0c870c4f615
results/raw/runtime_overhead/stack_corruption_bug_failing_seed3_record.json,709,c68dee3090c1d37d7d2e0f1142df00a1e0cc2c57d26754f0d41cbc3d0c0320b1
results/raw/runtime_overhead/stack_corruption_bug_failing_seed3_signature.json,351,97b9133ee6adeec1183a673bdc3378bd38e03ff0c7e907e4d009aa8b21f22877
results/raw/runtime_overhead/stack_corruption_bug_fixed_seed1_record.json,707,5a4e57ce01e360853f66577d29034ff560c8b3b1b69679039ef3564bb0f37a22
results/raw/runtime_overhead/stack_corruption_bug_fixed_seed1_signature.json,353,e3b2703c73704dba5c4a2432a30a941d9edd1147c64514eb676235cbaf982e70
results/raw/runtime_overhead/stack_corruption_bug_fixed_seed2_record.json,707,f281acfc3f983819f9bfbeb9654d2f0270a1e4fb72af3e06b3b052cabb88b709
results/raw/runtime_overhead/stack_corruption_bug_fixed_seed2_signature.json,353,d5a2e569627e4708b884fcb8185184ab550bd7faf61932468582b3f7da33a2fd
results/raw/runtime_overhead/stack_corruption_bug_fixed_seed3_record.json,707,5cba21ab7dd5e77567c1807dfa0248beada0dc1254b1e0505f61cf743679984a
results/raw/runtime_overhead/stack_corruption_bug_fixed_seed3_signature.json,353,ae0a1cef1c7a7c7efd78851c50dffe1baacec9f7e67c1541f0093a917f5699b1
results/raw/runtime_overhead/uart_command_bug_failing_seed1_record.json,1703,b0967bec204da8c36ddf5257f67ef7d192ef3601413b52c74b3dbb970d6f77bf
results/raw/runtime_overhead/uart_command_bug_failing_seed1_signature.json,347,41156d18bcc655e8930898f7c171ef6a9cbd6a7be2360a6d4c97f72e26ac25d2
results/raw/runtime_overhead/uart_command_bug_failing_seed2_record.json,1703,cd0bdd99ecfe507be3c5e03dcb41d941d04959e81c7726173b8b525c4fe7e78f
results/raw/runtime_overhead/uart_command_bug_failing_seed2_signature.json,347,67b3f5b2597378536897cb05c628a619e9f3606a4fcc3826ceedfc9d024ad3a0
results/raw/runtime_overhead/uart_command_bug_failing_seed3_record.json,1703,77cc9ef28874fa72463e5e15aa6339892a840107559822203fdf8aaa0552e7ee
results/raw/runtime_overhead/uart_command_bug_failing_seed3_signature.json,347,1db73ebc5788bfc554bec67dad4e14a16f695f24a5d3cad2b6d3bc0c0aadf3e1
results/raw/runtime_overhead/uart_command_bug_fixed_seed1_record.json,1698,ea692d186ffff5310f8fabfd155d9a0a93a039062110929ba94e99546f722130
results/raw/runtime_overhead/uart_command_bug_fixed_seed1_signature.json,349,fbae5cfde33c37e9b97cae134bc6911db95831d8e3bafe42e001438c1948fce6
results/raw/runtime_overhead/uart_command_bug_fixed_seed2_record.json,1698,9fed091acc7547ba05ac7aea607d81768764b1fc059cfdb30728fae1b210cb88
results/raw/runtime_overhead/uart_command_bug_fixed_seed2_signature.json,349,180d8a9d618c1fe41c74b1f56c5c66a22acc28109c3ae730f0e751f18cb1cacd
results/raw/runtime_overhead/uart_command_bug_fixed_seed3_record.json,1698,e2d2727d4bdf71a7e3e6b363e14c92884fb14f3d175057d38a6de0b8348ac1de
results/raw/runtime_overhead/uart_command_bug_fixed_seed3_signature.json,349,9797407e4d254d45c747f66e07eadf75236f3ce46b9bfff1b4d7a3a688c2c262
results/raw/runtime_overhead/uart_command_bug_no_failure_edge_seed1_record.json,1708,4e7deadef15e38ca542d083e97c3ded4cfe1016b50e146d0f7f1e007462f15cd
results/raw/runtime_overhead/uart_command_bug_no_failure_edge_seed1_signature.json,359,63ad7d7c0e38b74c031ab10d2a204cf090b193ce41589b7a16674bd17feaf403
results/raw/runtime_overhead/uart_command_bug_no_failure_edge_seed2_record.json,1708,bb19cd262b13fa87be71aa21553bb1e1cf8d13cb267eca7469ad44ddb7659765
results/raw/runtime_overhead/uart_command_bug_no_failure_edge_seed2_signature.json,359,e09469cec9d0cd919aef48384b8ed8a198b31f1f18f6fe7aad0daadb2bf12ac7
results/raw/runtime_overhead/uart_command_bug_no_failure_edge_seed3_record.json,1708,d55f45f0ed52a6918e9de68fbc935d8e70e0605ba9eb27fa0869c7caa4b68af2
results/raw/runtime_overhead/uart_command_bug_no_failure_edge_seed3_signature.json,359,62fddfa242b5f18c94cf7277faee6e1ae62bb4a8a45ec10f09b415b3f0d40f55
results/raw/runtime_overhead/watchdog_timeout_bug_failing_seed1_record.json,5742,894f6204ef7a0fe0668ba74fd14482bb90777de273b7b5e334a07390b5616c36
results/raw/runtime_overhead/watchdog_timeout_bug_failing_seed1_signature.json,354,a3e84920f3e6f5ee5f17f30ee5f4a37ed5134cc3655053670491ff4de1d6832a
results/raw/runtime_overhead/watchdog_timeout_bug_failing_seed2_record.json,5742,cbcfdd1b12a8fe18303a875991a05ee1e67b9ec0acdc61cc3fd237fb372c314b
results/raw/runtime_overhead/watchdog_timeout_bug_failing_seed2_signature.json,354,2ccf6a0814c4b2d41617c395a5b1bfe10ccab6b6ffa9828d24dfc7b6e024814d
results/raw/runtime_overhead/watchdog_timeout_bug_failing_seed3_record.json,5742,da2f5b7dfc2cb381b492439982f5f460b77feadd576a233cdb01e772bbc022b8
results/raw/runtime_overhead/watchdog_timeout_bug_failing_seed3_signature.json,354,36a18e73b3e09834910c59383ad3442b77eea44b47471cf5fcace89568ea0cb3
results/raw/runtime_overhead/watchdog_timeout_bug_fixed_seed1_record.json,4214,ccd5135a97daf34b3d896d3fd429848194dc4257b1027bf8557aa03e9e38a039
results/raw/runtime_overhead/watchdog_timeout_bug_fixed_seed1_signature.json,355,a55781439c2a22c38fba8bbb0e5533f76f67b56f78d83c03c0120411bd237690
results/raw/runtime_overhead/watchdog_timeout_bug_fixed_seed2_record.json,4214,e700262fe6868a418e33480caeb747b763ad91777beb00365002c6132ccdffd8
results/raw/runtime_overhead/watchdog_timeout_bug_fixed_seed2_signature.json,355,a0ebf686cc303e80cfe6ad88d8268b2ff3796d28f40d02cb85a0e7e4e5bd61ed
results/raw/runtime_overhead/watchdog_timeout_bug_fixed_seed3_record.json,4214,aeaa900b4596684d045e37175c567140d83c0f02c321c466848e7e16b2b9f2a2
results/raw/runtime_overhead/watchdog_timeout_bug_fixed_seed3_signature.json,355,a5f1e57c414da0699d6386c9d44eed30edcb1c56b7d74c1e47f745d3771bdcd5
results/raw/runtime_overhead/watchdog_timeout_bug_no_failure_edge_seed1_record.json,9292,4fe2bee47edfa4d3581fe426c8a5babef9bda87d30558599407c16718351f4fd
results/raw/runtime_overhead/watchdog_timeout_bug_no_failure_edge_seed1_signature.json,366,00ac55d7889406d12b24f229cb4b5238ee94b1d49b3046c4757e7d01445e1fb2
results/raw/runtime_overhead/watchdog_timeout_bug_no_failure_edge_seed2_record.json,9292,61363f454b52f0d354fec13aa444ced9ea5f6d7ad3a5e53602edb0a1a57db8b0
results/raw/runtime_overhead/watchdog_timeout_bug_no_failure_edge_seed2_signature.json,366,76f4d7b2c91dcc177ef6c047b76213631717922d167f18b2d14a0d000dcfe791
results/raw/runtime_overhead/watchdog_timeout_bug_no_failure_edge_seed3_record.json,9292,c74d9e8e15cf0dfa8755dd03d6dcd4b133de4d892332d3719d36cd5cc7f6dc76
results/raw/runtime_overhead/watchdog_timeout_bug_no_failure_edge_seed3_signature.json,366,aed2add420a20590256ea7837591a79d7b9a2f807b7eac1552a03e17e5988c4a
results/raw/verilator/build.log,6441,2b7617248d15ebec669dde268b36be019e6bc05d1fd1c0a2fd0ae96934f8ca01
rtl/capsule_buffer.sv,1520,83e37ec28dc21d2c5df4bbe2e62bfc471ccfaf06ac487bf2d1ebcd6add82410b
rtl/event_classifier.sv,2079,f11d780d68dbcedc7d3d653278d55bee4ac5acbec34d0804248077871f4ff035
rtl/event_defs.svh,2475,66c23a94b48db7189097a6efcb9060750c4dee5f7268b5cd29652824ec869050
rtl/event_pkg.sv,2492,a4734457d919c71165000ef8e20ef0ceb16511dab311e6936a369c231ad6ba96
rtl/event_slicer.sv,1389,4a1e8ae306414ac0f5d058c7a617bc4badcf10bea7284599a2fd56447afdb190
rtl/event_tap.sv,3666,c33f71ec7d741f4551f537ccf0c70c4ca04fef078dc52922867236097ce6fef5
rtl/hash_signature.sv,980,46c135f759f9688596b1280b1c96203e91ba2cee7ba9be9b7945267414b676d4
rtl/interrupt_logger.sv,1347,290fdf3ef70e461322df8637e08d9885d959248ef6982eca58b26e65fe552f20
rtl/mapped/full_core_baseline_board_top.sv,3544,12e48ddde363ac8303c27d71651e089c44b01156381be8c2fc4fb3fa162662e3
rtl/mapped/full_core_replaycapsule_board_top.sv,4729,d13a04c0a429ae62febbf4b4a97f2ab0e8fa409b02db4ae311fa03876c0e0abc
rtl/mapped/mapped_memory.sv,2717,5027cc3fb361483203e9cd874c3c344a5434bfd6409cb6e400a0cb90e64c18c6
rtl/mapped/replaycapsule_recorder_tiny_wrapper.sv,2299,e4070dcc712fead1d06ee74124ff804d5a2bda3bcd733c427d72010559695bb8
rtl/mapped/replaycapsule_tiny_baseline_wrapper.sv,648,5aac8b29210ced7f934f639a31ca49a8b0a53a6acab1f3a806c9b92879cf48d3
rtl/mmio_logger.sv,983,1701304d29db8f515591a7c7c6d60532e72389bb829d8ca3c881be8b0329853c
rtl/property_checker.sv,6492,f2c4d8f6d53553b8442402f102f2b2874948e3eceadeba2614a23d63e64bd649
rtl/registers.sv,1950,3a28c1c5a1be22dbb34d6b874f3eb479e020cfa24299686c019074512d399894
rtl/replay_capsule_top.sv,7484,edfb330cceb6f86c14ce81075eadfa32b2e2f827491d49f65b6461dbfac8ee9e
rtl/replay_control.sv,2467,f808a9befcc7f0fba2ac88e455f9463a526d8c8387d4754e1ecd5abec7e41c6b
rtl/rv32i_integration/picorv32_replaycapsule_wrapper.sv,6539,354d2f3200d4d4778d00403a3f7f8cca363733e9bc8085777011530a490fc480
rtl/rv32i_integration/README.md,1627,298e261e0f6ce6d2e03acde9d4043f30e8b3ae8df83912b86ae6a5784eb4da2f
rtl/rv32i_integration/replaycapsule_soc.sv,5562,1c33c6f31b982bb81cf918f5deefcda93160b6e41ca3b3dc4b7648b0f1604884
scripts/audit_claims.py,6408,790f3d7e8fedc342be88557fad31bba0bbdb12e4557aa6d4c18f225bd648695a
scripts/audit_paper_numbers.py,3722,e540f20b1eb0f3c84f2c6d16ee53aaaf513022e30684a69633e51b837c3e89db
scripts/audit_todos.py,4132,703b879d15ead7a4df7e590815488f682e5b00618234e58b7e24a70c270ea4e0
scripts/build_firmware.py,11830,d16fe6ea30704d8035736ae848ea8f2c2fb2d96c47e6def64350841d375b009e
scripts/build_firmware_images.py,2700,ebc075e70d80a5196692621ad86b7b9f89d94c894dbb69296fb4cb6930309cb0
scripts/build_paper.py,2760,849d8eb5d5f1ca5294cfeb7d425879e6dfa382b42133f08aa2db044aa1275e28
scripts/check_mapped_recorder_presence.py,5790,8583137b639301305387b73545686a11805c29f53ab09fbbd639f9ad0fd18f8d
scripts/check_rtl_firmware_alignment.py,8669,6c3a5d4517d0ea51c49e1f18014ba8556af65d49c48a4913165aa061920a7cfc
scripts/check_toolchain.py,13281,1649aa06e855e89ca791b02ec9568a330d7c53e5485b2819a66d44ee3aeaff8a
scripts/check_verilator_compile.py,5504,e60a7c6aa158f3e8188e0667b6cabddcd909339dd08bf5ba8a6b6ab8dc16b1eb
scripts/collect_trace_sizes.py,10387,7bd656f4225de11db53953243e4434a12c5ba90c5abd32c11056ee3d364bcd6b
scripts/compare_firmware_sources.py,11106,beb074ff340024f1c975808629b827e0b6aa7495810eb86690929b1b7ce93f2c
scripts/export_rtl_capsules.py,18353,f0ac7293606931dc5013f943659f5ef8934c00986a63e3c542b5ed0dce8b166d
scripts/generate_conference_evidence_tables.py,18816,be7db3190d73a49bb29ce76c5c9d7b08d8d41cdd11cbdd78756f7c3de49fc437
scripts/generate_submission_docs.py,19431,826c0526022cddbf5f9e4d242be233d631b8cf862f806f0f2e2cf62c73bd557c
scripts/make_figures.py,20272,b3c0aecd20400f046f6072a2fb744a65a9a82fe2c4706991437aec8c93328bd9
scripts/package_artifact.py,3830,f18960372e93642ab7228dcaac91048f1ca4410040ae862e5273b5442a12ed27
scripts/parse_synthesis_reports.py,3087,82b6c5c8e87a1f82f894641edd7f203032c1a6a649459c4b68213e8311109de7
scripts/render_paper_tables.py,34114,e8e94ecd7fbc153c500436f8364d0ac5cafddfd038ed773ea2e05c9c861b76a4
scripts/replaycapsule_model.py,17526,1e29ac00cb908232e84bc39ba17a7696e53911aebfa46455e9905207a15b377e
scripts/reproduce_all.ps1,851,3c90a2420b1cd00adc623c3ae363da2b983e8fe72a5b6203ac25be77a993dc5e
scripts/reproduce_all.sh,61,6bec7a97dd3dc858981e38b79cf5c015257d10c4a93224cb4eb1a9d4c6fd9a04
scripts/run_ablations.py,5763,895f209c5413b9080a31539eaf887670d18ba298c76ed1e2e80967d31cf05820
scripts/run_all_tests.py,29159,780f334737a7a51f7da6f3940d00e9926addeb4b5baad1ec5fddf3d367e645e2
scripts/run_formal_checks.py,10378,338007b83433b5b6bc97add0f445868b6c1e9673f41f747bec942711efc9b0ee
scripts/run_full_rtl_negative.py,10404,c183cf00194467b76f11a4abc2e5f68029210936a3e0ef0c5dda14454b983b39
scripts/run_full_rtl_replay.py,42403,28d34dca6ddc290006769e4bea7a4f96887ed3fee8ece2b56cb8c66cfc6ef8c6
scripts/run_hdl_checks.py,21352,bd81c27bc6e8009841ccec707eb7b4bf1f00cff01d15cdf67bf5b03af6c94512
scripts/run_mapped_synthesis.py,24174,5d5cd7e20fac505eb945d51a87921f16553bf28de95429e9cb9ddf6f69386e2d
scripts/run_randomized_interrupt_campaign.py,11566,25dd482598f84905de7f48da27b4739b5f511e5a49a0d6efbed55f257414c78c
scripts/run_replay_experiments.py,3669,145d593512a1b7ada67acd3780d7ec50583da63697fb2d852395faae97e1a95f
scripts/run_replay_negative_tests.py,8745,8e02e1f0a644fdb897ce3117f9f8247da2b8fb848950325d96d1d7dbf667450f
scripts/run_rtl_smoke_ablations.py,7206,53ee86000d4314e10b7aaddfdf9e5cc96c5a3a4dd036c33a43ef6a9ee6f9fc76
scripts/run_runtime_overhead.py,16404,4582978d59d5a6d8ef5247a3ec82e4cb7ba387f0148d7dd4d53b855848f1fa88
scripts/rv32i_firmware_sim.py,24080,c4acaf6f3a6d1b51b4c99667d4b1e4ba3c2aff9afc1faf4fb64060afd92d4af2
scripts/static_rtl_checks.py,14795,26975c6786bd4cc981e89525364a691110bb9e6865f598839b6e3636c1b4f2c1
scripts/summarize_artifact_manifest.py,14833,0bd1b7dc0822f767fb54ac3532738b179ba8d479b0b7e04679ba77d0b9180181
scripts/summarize_benchmark_coverage.py,6381,4b10341f71b096fdde8853917ad9820312ec748adf96007368b141e5843394ba
scripts/summarize_evaluation_metrics.py,33230,ac53308b6cf369b9670885e95abbbc0d5063caae4a1a2e5c5573b6fd92224f86
scripts/summarize_formal_coverage.py,8502,0cfe8db68a39b4dbea2b609186161445adf6fd54c9718e2376960b29993dd722
scripts/summarize_overflow_contracts.py,5234,f864152e6d082d347088dd5a4eb4edf77e4d1eebed5e0ee092df4ed24798ce27
scripts/summarize_picorv32_smokes.py,9189,07e4643ed98f8b860de8761400435ee002e15615b9d17c36f764fb6ac7129f51
scripts/summarize_proof_obligations.py,15232,e76845788b92607c47ee3e4aaba444c58022dc0c3c446a3581d75e89124ac68e
scripts/summarize_randomized_interrupt_campaign.py,16201,a6a93ec83232443498fb61657ca5bf1d44ac1c3b461affa5b5822c6c57659ab0
scripts/summarize_rtl_capsule_classes.py,5520,ffb866131b96127f92beb3791ad4ad9314fddc63d853bd367c2fec00ede3879c
scripts/summarize_synthesis_overhead.py,3972,9b341db03fbf4fe654d9562272ed1cec70a584839ef5b59ad1419211a32eabff
scripts/synth_yosys.py,3782,698b204cddf3c87f5e6b65ae567d104d98e8d05f4e3b2e7752783c2213f3e98b
scripts/write_final_ci_verification.py,11763,9cc1f09b036dbc44ddcd191aa879b00cb62bda001792a5c61a056460fe6ff79a
tb/cocotb/README.md,3169,12ea44c55665cac1df87f59b020f4e68fe75f4a53a181f2c0fdcb164dc44c46d
tb/property_tests/README.md,3408,a39a4c8a65f3068a047291dbe923a3f3ed1836703fe7c56d4f47032b5c0deda8
tb/randomized_interrupt_tests/README.md,4096,810a23b6c2cc668996800fc158ecd4dc5101c0fe40c33053a5705c4330c9fb87
tb/replay_testbench/capsule_parser.py,15553,720dc01888b4ae8bc03dd43355e8241873e7718f2e4c0ac6bc1a49ad827d24a9
tb/replay_testbench/README.md,3618,2fd3cbac9da9dcb05a9115eba99d86860cc9514b4322dbdc5b5654427b981735
tb/replay_testbench/replay_compare.py,8535,0e04918f1c991401d5da62a3eff9389d158081320e4800402abaa3fe4f5ae3b8
tb/replay_testbench/replay_driver.py,3476,92915df9bb330d0a384fe3e51438dcf33d40911ff32e4cae9832ff12e809bb2a
tb/system/README.md,1152,3b3795f19e50e691d93a6dc779b824ecc1655631a987fcd3633807430bfdb9c6
tb/system/tb_capsule_buffer.sv,2740,fa7ec0932438b172446e5a1e0fc10af985a390c5eeaec6368a99b1d2506b5dd9
tb/system/tb_event_classifier_slicer.sv,4049,34e3a6c5b3431d6591bc63a690e6fff78058ab9bd4dcad4b72f67bfbbc538b18
tb/system/tb_event_tap.sv,4701,5a8b7f3c3147737b21cd8497bf54194d3e2b277f0459064949fe45990858d828
tb/system/tb_hash_signature.sv,2063,11053d3455e9aef2142a7d313c3037806e9edc9c3f9f44ce1794bb7e9016cf2d
tb/system/tb_mmio_interrupt_loggers.sv,4787,e675caae6bc435e723dad617368a1380a35bf9cefb0b971e4344cf9d65f58c55
tb/system/tb_picorv32_wrapper_smoke.sv,7869,75b52f88ca04ac694d63d93a794c2067ab681ec48df7fd9f9bcddb5d859ff295
tb/system/tb_property_checker.sv,2434,ed8de410e421cc226572b15e79ad8ef98f07f07af6ad0285c49422ddfb9d4ac1
tb/system/tb_registers.sv,3874,817b6b4467dd62a6aef1311af17df922702bdb14a9df621d9f9b4c84e113dc17
tb/system/tb_replay_control.sv,4054,ab3e2d9a7e01c49fb9112810ce062896ded1ee7a2f1b68a1a74c97ee5d47a5d8
tb/system/tb_replaycapsule_soc.sv,3234,b37ccda86c18dc63df2ae2a74e50cee0a1871921e7c07e94434dfa36bb96bca3
tb/verilator/capsule_io.cpp,9516,3aa5872bd6ef205c08bdc8ea0d534acb77fc5d6bbb87d961776d16109fde3920
tb/verilator/capsule_io.h,1314,d21a7b409b385b1792ecad4838458bc2a0322e989fc28a3feb12a9386f556a87
tb/verilator/main.cpp,3670,d9e7baa8fd2e74c6c362fd5eaa8e73935a438e64d2a4cc096d20bb09aa2d1f04
tb/verilator/picorv32_baseline_top.sv,2517,8619b96cb5cb7b8c113edc32a68390203f443077d71bd3f2c6a9a5b5ca3d289c
tb/verilator/README.md,1465,b442fec4ab3be90584c803ff1594b56c9f81774b8d1d999e6fd2ab4227f67ae7
tb/verilator/replaycapsule_verilator_top.sv,3168,4237dc31a766e55075df670debc7494943512b16f18efd9dfd57138949eec0f4
tb/verilator/rtl_harness.cpp,15819,520212b2e26436a9c844e5b63a91966355090077838b759b7ca8eb51b54363e2
tb/verilator/rtl_harness.h,816,d983021c10f67685c87273d548ca50077db395200393fd5baae6fb2af2cf6337
tb/verilator/runtime_main.cpp,11764,5eb4a3a4c7ab81372176c77bdd5b5b0960c741366914e992ffc4eacb9126f101
third_party/picorv32/COPYING,792,469f6264d9c56452736ade78938592c520fff2fd9f2d29b067151d6aad25256f
third_party/picorv32/picorv32.v,97706,fd142889e8178ef67f1cff17cb2d18b3adae56fcae2badf7cbcc4c4f5ac7960e
third_party/picorv32/README.md,31025,1c3aa9f5de9e713f284108ce170cd8fcb89f281b2b9544529a77a3dd48daf39c
third_party/picorv32/VENDORED.md,324,994fbe7714ff2de6ead1f09870290c0ae7fe6714b89f61ed5ff1757085d23ca1
